,IA,IB,IC,IZ,eA,eB,eC
0,-40.71,14.49,21.47,-4.75,-0.71,-0.09,0.98
1,-39.06,9.01,29.54,-0.52,-0.66,-0.17,0.99
2,-40.16,6.81,33.84,0.49,-0.6,-0.24,0.99
3,-39.61,11.2,28.46,0.05,-0.54,-0.31,0.99
4,-36.32,5.17,29.0,-2.15,-0.47,-0.39,0.98
5,-35.77,1.33,33.3,-1.14,-0.4,-0.46,0.97
6,-32.48,-2.51,37.06,2.08,-0.31,-0.53,0.93
7,-26.99,-7.99,32.23,-2.75,-0.24,-0.61,0.92
8,-24.79,-15.67,38.68,-1.78,-0.16,-0.67,0.89
9,-22.59,-14.57,37.06,-0.1,-0.1,-0.72,0.86
10,-22.05,-14.02,34.38,-1.69,-0.03,-0.77,0.82
11,-18.2,-15.12,35.45,2.13,0.05,-0.81,0.77
12,-14.36,-19.5,31.15,-2.71,0.11,-0.85,0.73
13,-13.81,-22.79,36.53,-0.08,0.2,-0.89,0.66
14,-5.58,-27.18,31.69,-1.07,0.27,-0.93,0.61
15,-2.83,-34.86,35.45,-2.24,0.34,-0.96,0.56
16,-1.73,-34.31,36.53,0.49,0.41,-0.98,0.49
17,-0.64,-34.31,33.84,-1.1,0.48,-0.99,0.43
18,5.4,-40.34,37.6,2.67,0.54,-1.0,0.34
19,10.89,-42.53,30.08,-1.56,0.6,-1.0,0.28
20,12.54,-44.73,34.91,2.73,0.67,-1.0,0.18
21,20.22,-44.73,23.09,-1.41,0.73,-1.0,0.11
22,19.68,-44.73,24.7,-0.35,0.78,-0.98,0.03
23,19.68,-38.15,18.78,0.32,0.82,-0.96,-0.03
24,15.28,-38.15,21.47,-1.39,0.86,-0.94,-0.11
25,21.32,-37.05,15.56,-0.17,0.89,-0.91,-0.18
26,22.42,-38.15,12.87,-2.85,0.91,-0.87,-0.25
27,26.81,-38.15,11.26,-0.08,0.95,-0.84,-0.33
28,34.5,-40.89,5.88,-0.51,0.98,-0.8,-0.41
29,37.79,-40.89,1.58,-1.51,0.99,-0.75,-0.47
30,35.6,-40.89,4.27,-1.02,1.0,-0.7,-0.53
31,34.5,-37.6,2.12,-0.98,1.0,-0.63,-0.6
32,38.89,-35.95,-3.26,-0.32,0.98,-0.56,-0.65
33,38.89,-33.21,-6.48,-0.81,0.97,-0.49,-0.71
34,39.44,-30.47,-8.64,0.33,0.96,-0.42,-0.76
35,40.54,-27.18,-12.94,0.42,0.94,-0.34,-0.82
36,39.99,-24.44,-17.78,-2.23,0.91,-0.27,-0.87
37,39.99,-24.99,-16.16,-1.16,0.88,-0.2,-0.9
38,37.79,-23.89,-12.94,0.97,0.85,-0.13,-0.93
39,39.44,-21.15,-18.85,-0.56,0.8,-0.06,-0.95
40,37.79,-18.96,-18.85,-0.01,0.75,0.02,-0.96
41,35.6,-14.57,-19.93,1.1,0.71,0.1,-0.98
42,37.79,-9.64,-27.45,0.7,0.65,0.18,-0.99
43,37.24,-6.35,-30.68,0.22,0.6,0.24,-1.0
44,37.79,-7.44,-30.14,0.21,0.54,0.31,-0.99
45,33.4,-5.25,-27.45,0.7,0.47,0.39,-0.98
46,32.85,0.23,-33.9,-0.82,0.4,0.46,-0.97
47,31.2,4.07,-33.9,1.37,0.32,0.53,-0.94
48,26.81,8.46,-33.9,1.37,0.24,0.6,-0.91
49,22.42,13.94,-35.52,0.84,0.16,0.67,-0.89
50,20.77,15.59,-37.13,-0.77,0.1,0.72,-0.86
51,21.32,12.84,-32.29,1.88,0.03,0.77,-0.82
52,19.68,14.49,-33.9,0.26,-0.04,0.81,-0.77
53,13.64,18.33,-30.14,1.82,-0.11,0.85,-0.73
54,13.09,21.07,-34.98,-0.82,-0.19,0.88,-0.66
55,7.05,25.46,-30.14,2.36,-0.27,0.93,-0.61
56,3.76,33.13,-34.98,1.91,-0.35,0.96,-0.55
57,0.46,32.58,-33.37,-0.32,-0.4,0.98,-0.49
58,3.21,33.13,-33.9,2.43,-0.48,0.99,-0.42
59,-4.48,38.07,-34.44,-0.86,-0.55,1.0,-0.34
60,-9.97,42.45,-30.68,1.8,-0.6,1.0,-0.27
61,-11.62,44.1,-31.75,0.73,-0.67,1.0,-0.19
62,-17.11,45.19,-27.45,0.64,-0.73,1.0,-0.11
63,-20.4,45.19,-23.15,1.64,-0.79,0.99,-0.03
64,-18.75,40.81,-19.93,2.13,-0.82,0.97,0.04
65,-15.46,37.52,-19.93,2.13,-0.86,0.95,0.11
66,-17.65,37.52,-19.93,-0.06,-0.9,0.91,0.19
67,-23.69,36.97,-12.4,0.88,-0.92,0.87,0.25
68,-25.34,35.87,-10.79,-0.25,-0.95,0.84,0.33
69,-31.93,39.71,-7.02,0.76,-0.98,0.8,0.4
70,-36.32,43.55,-3.8,3.43,-0.99,0.74,0.47
71,-35.77,40.81,-4.87,0.17,-1.0,0.69,0.54
72,-33.57,36.97,-3.26,0.14,-0.99,0.63,0.59
73,-35.77,36.42,-0.03,0.62,-0.99,0.56,0.66
74,-40.16,32.58,6.96,-0.62,-0.97,0.49,0.71
75,-37.42,30.94,6.42,-0.06,-0.96,0.42,0.76
76,-40.16,27.65,11.8,-0.72,-0.94,0.34,0.82
77,-39.61,25.46,13.95,-0.21,-0.91,0.27,0.86
78,-40.16,26.0,14.48,0.32,-0.88,0.2,0.89
79,-37.42,26.0,10.72,-0.69,-0.85,0.13,0.93
80,-40.16,21.62,19.32,0.78,-0.8,0.06,0.94
81,-36.87,20.52,15.56,-0.79,-0.76,-0.02,0.97
82,-37.42,16.13,20.94,-0.35,-0.71,-0.1,0.97
83,-36.32,11.75,23.62,-0.95,-0.66,-0.17,0.99
84,-36.87,6.27,29.54,-1.07,-0.6,-0.24,1.0
85,-37.42,10.1,27.92,0.61,-0.54,-0.31,0.99
86,-34.67,9.01,25.24,-0.43,-0.47,-0.39,0.98
87,-32.48,1.33,29.54,-1.61,-0.39,-0.46,0.97
88,-31.38,-3.06,34.38,-0.06,-0.31,-0.53,0.93
89,-26.99,-4.7,30.08,-1.61,-0.24,-0.61,0.92
90,-24.24,-12.38,35.99,-0.63,-0.15,-0.67,0.88
91,-19.85,-14.02,33.84,-0.03,-0.1,-0.73,0.86
92,-20.95,-12.38,31.15,-2.17,-0.02,-0.77,0.82
93,-20.4,-10.73,33.3,2.17,0.05,-0.81,0.76
94,-13.81,-17.31,27.92,-3.2,0.12,-0.86,0.73
95,-11.62,-22.25,35.45,1.59,0.2,-0.89,0.66
96,-7.22,-23.34,29.54,-1.03,0.27,-0.93,0.61
97,-4.48,-31.57,34.38,-1.67,0.35,-0.96,0.55
98,-1.73,-32.66,34.38,-0.02,0.41,-0.98,0.49
99,-1.73,-32.66,31.69,-2.71,0.47,-0.99,0.43
100,4.85,-38.69,37.06,3.22,0.54,-1.0,0.34
101,9.79,-41.44,28.46,-3.18,0.6,-1.0,0.27
102,13.09,-43.63,31.69,1.15,0.67,-0.99,0.18
103,17.48,-42.53,24.16,-0.89,0.73,-0.99,0.11
104,16.93,-42.53,24.7,-0.9,0.79,-0.98,0.02
105,19.68,-37.05,17.17,-0.2,0.82,-0.96,-0.04
106,15.28,-36.5,20.4,-0.82,0.86,-0.94,-0.11
107,17.48,-33.76,18.78,2.51,0.9,-0.91,-0.19
108,22.97,-35.95,11.8,-1.19,0.92,-0.87,-0.26
109,26.26,-36.5,9.64,-0.59,0.95,-0.84,-0.33
110,31.75,-39.79,8.03,-0.01,0.98,-0.79,-0.41
111,36.69,-40.34,2.66,-0.99,1.0,-0.75,-0.48
112,36.69,-39.79,2.12,-0.98,1.0,-0.69,-0.53
113,32.85,-37.05,3.19,-1.0,0.99,-0.63,-0.59
114,36.69,-35.95,-1.11,-0.37,0.99,-0.56,-0.65
115,38.34,-31.57,-7.56,-0.79,0.97,-0.49,-0.72
116,39.44,-29.92,-9.71,-0.19,0.95,-0.41,-0.76
117,38.34,-28.28,-9.71,0.35,0.94,-0.34,-0.82
118,39.99,-23.34,-16.7,-0.05,0.92,-0.27,-0.87
119,39.44,-23.34,-17.78,-1.68,0.88,-0.19,-0.9
120,37.79,-24.99,-12.94,-0.13,0.85,-0.12,-0.93
121,38.34,-22.25,-15.09,1.01,0.8,-0.06,-0.95
122,37.79,-18.41,-19.39,0.0,0.75,0.02,-0.96
123,35.6,-14.02,-22.08,-0.5,0.7,0.1,-0.98
124,36.69,-10.18,-24.76,1.75,0.65,0.18,-0.99
125,35.6,-5.8,-29.07,0.73,0.6,0.25,-1.0
126,38.34,-6.35,-31.75,0.24,0.54,0.31,-0.99
127,36.15,-7.99,-27.45,0.7,0.47,0.39,-0.98
128,33.4,0.78,-31.22,2.97,0.39,0.47,-0.97
129,29.56,5.72,-34.44,0.83,0.31,0.54,-0.94
130,27.36,7.91,-34.44,0.83,0.24,0.6,-0.91
131,25.17,12.3,-34.44,3.02,0.16,0.67,-0.89
132,19.68,16.68,-36.59,-0.23,0.09,0.72,-0.86
133,19.68,15.04,-33.9,0.81,0.03,0.77,-0.82
134,20.77,12.84,-33.37,0.25,-0.05,0.81,-0.77
135,15.28,18.33,-30.68,2.93,-0.12,0.85,-0.72
136,10.89,23.81,-34.98,-0.28,-0.19,0.89,-0.66
137,7.6,27.1,-31.22,3.48,-0.27,0.93,-0.61
138,4.85,30.94,-34.98,0.81,-0.35,0.96,-0.55
139,-0.09,34.78,-33.37,1.32,-0.41,0.98,-0.49
140,2.66,33.13,-34.44,1.35,-0.47,0.98,-0.42
141,-2.83,38.61,-35.52,0.26,-0.54,1.0,-0.34
142,-9.97,42.45,-32.29,0.19,-0.61,1.0,-0.26
143,-13.81,44.64,-30.14,0.69,-0.67,1.0,-0.18
144,-17.65,45.19,-26.92,0.62,-0.73,0.99,-0.11
145,-18.2,44.1,-25.84,0.05,-0.79,0.99,-0.02
146,-21.5,40.81,-18.31,1.0,-0.82,0.97,0.04
147,-16.56,38.61,-19.39,2.67,-0.86,0.94,0.11
148,-18.2,36.97,-19.93,-1.16,-0.9,0.91,0.19
149,-24.24,37.52,-11.86,1.41,-0.92,0.87,0.26
150,-28.63,39.71,-9.17,1.9,-0.95,0.83,0.33
151,-33.03,41.36,-6.48,1.85,-0.97,0.8,0.4
152,-35.77,43.55,-5.41,2.37,-1.0,0.75,0.48
153,-38.52,40.26,-2.18,-0.44,-1.0,0.69,0.54
154,-35.77,39.71,-1.65,2.29,-0.99,0.63,0.59
155,-36.87,37.52,-2.18,-1.53,-0.99,0.56,0.66
156,-40.71,32.03,9.11,0.43,-0.97,0.49,0.71
157,-40.16,31.49,9.64,0.97,-0.95,0.41,0.77
158,-41.81,29.29,12.33,-0.18,-0.94,0.34,0.82
159,-40.16,26.55,13.95,0.34,-0.91,0.27,0.87
160,-41.26,24.91,17.71,1.36,-0.88,0.2,0.9
161,-39.06,26.0,12.33,-0.73,-0.85,0.13,0.93
162,-41.26,23.81,17.71,0.26,-0.8,0.05,0.94
163,-37.97,17.23,19.32,-1.41,-0.76,-0.02,0.97
164,-40.16,15.59,25.24,0.66,-0.71,-0.1,0.97
165,-38.52,14.49,23.09,-0.94,-0.65,-0.18,0.99
166,-37.97,6.27,31.15,-0.55,-0.6,-0.25,1.0
167,-37.97,6.27,32.23,0.53,-0.53,-0.32,0.99
168,-36.87,7.36,28.46,-1.04,-0.47,-0.39,0.98
169,-35.77,2.98,30.08,-2.72,-0.39,-0.47,0.97
170,-30.83,-5.8,37.06,0.44,-0.3,-0.54,0.93
171,-26.44,-8.54,33.84,-1.14,-0.24,-0.61,0.92
172,-26.44,-11.83,38.14,-0.13,-0.15,-0.67,0.88
173,-20.95,-13.47,34.91,0.49,-0.09,-0.73,0.86
174,-20.95,-16.21,35.99,-1.17,-0.02,-0.77,0.82
175,-20.4,-14.02,35.99,1.57,0.05,-0.81,0.76
176,-14.36,-18.41,29.54,-3.23,0.12,-0.86,0.73
177,-11.07,-26.08,35.99,-1.16,0.2,-0.89,0.66
178,-7.22,-27.18,34.38,-0.03,0.27,-0.93,0.61
179,-5.03,-31.57,35.45,-1.14,0.36,-0.96,0.55
180,-0.64,-34.31,34.38,-0.57,0.41,-0.98,0.49
181,1.56,-36.5,32.76,-2.18,0.47,-0.99,0.42
182,3.21,-40.89,39.22,1.54,0.54,-0.99,0.34
183,9.79,-44.18,31.15,-3.23,0.61,-1.0,0.27
184,16.38,-46.92,30.61,0.08,0.68,-1.0,0.18
185,19.68,-46.37,24.7,-1.99,0.72,-0.99,0.12
186,16.38,-45.27,29.0,0.11,0.79,-0.98,0.02
187,21.87,-39.79,17.17,-0.75,0.82,-0.97,-0.04
188,18.58,-39.79,18.78,-2.43,0.86,-0.94,-0.11
189,19.13,-38.15,18.25,-0.77,0.9,-0.91,-0.19
190,24.62,-38.15,13.41,-0.12,0.92,-0.87,-0.26
191,31.2,-38.69,8.57,1.08,0.95,-0.84,-0.33
192,34.5,-43.08,6.96,-1.63,0.97,-0.79,-0.41
193,37.24,-42.53,4.27,-1.02,1.0,-0.75,-0.48
194,38.89,-41.98,2.12,-0.98,1.0,-0.69,-0.54
195,37.79,-38.15,-1.11,-1.46,0.99,-0.63,-0.59
196,39.99,-39.79,-0.03,0.16,0.98,-0.56,-0.65
197,42.18,-32.66,-7.56,1.96,0.98,-0.48,-0.72
198,44.38,-29.37,-14.55,0.46,0.95,-0.41,-0.77
199,42.18,-29.37,-13.47,-0.66,0.94,-0.34,-0.82
200,42.73,-26.08,-15.09,1.56,0.91,-0.27,-0.87
201,42.73,-23.89,-18.85,-0.01,0.88,-0.19,-0.9
202,41.09,-22.79,-19.39,-1.1,0.85,-0.13,-0.93
203,41.63,-25.54,-17.24,-1.14,0.8,-0.05,-0.95
204,41.63,-17.31,-20.46,3.86,0.75,0.03,-0.97
205,38.89,-10.18,-28.53,0.18,0.7,0.1,-0.98
206,40.54,-10.73,-30.14,-0.34,0.65,0.18,-0.99
207,38.89,-7.44,-30.14,1.31,0.6,0.25,-1.0
208,38.34,-2.51,-35.52,0.32,0.54,0.32,-1.0
209,36.15,-3.06,-33.37,-0.28,0.47,0.39,-0.98
210,36.69,-1.41,-34.44,0.84,0.39,0.47,-0.96
211,32.3,7.36,-38.74,0.92,0.31,0.54,-0.94
212,27.36,13.39,-39.28,1.47,0.24,0.61,-0.91
213,24.07,14.49,-39.28,-0.72,0.16,0.67,-0.88
214,23.52,16.68,-39.28,0.92,0.09,0.73,-0.85
215,19.13,19.97,-38.74,0.36,0.03,0.77,-0.82
216,20.22,18.88,-39.28,-0.18,-0.04,0.81,-0.77
217,16.38,18.33,-32.83,1.88,-0.12,0.85,-0.72
218,10.34,28.2,-37.13,1.41,-0.2,0.89,-0.66
219,4.85,32.03,-36.59,0.3,-0.27,0.93,-0.61
220,5.4,34.78,-38.74,1.44,-0.35,0.96,-0.54
221,0.46,36.42,-35.52,1.37,-0.42,0.98,-0.48
222,-2.28,38.61,-34.98,1.35,-0.48,0.99,-0.42
223,-5.03,43.55,-37.67,0.85,-0.54,0.99,-0.34
224,-10.52,46.84,-36.06,0.27,-0.62,1.0,-0.26
225,-18.2,48.48,-30.14,0.14,-0.68,1.0,-0.18
226,-22.05,50.68,-26.38,2.25,-0.73,0.99,-0.11
227,-19.85,48.48,-28.53,0.1,-0.79,0.99,-0.02
228,-23.14,45.19,-21.54,0.51,-0.83,0.97,0.05
229,-22.59,43.0,-18.31,2.09,-0.86,0.94,0.11
230,-22.05,42.45,-19.93,0.48,-0.89,0.91,0.18
231,-25.89,40.81,-15.09,-0.17,-0.93,0.87,0.26
232,-33.57,40.26,-7.02,-0.34,-0.96,0.83,0.34
233,-39.06,44.64,-3.26,2.32,-0.97,0.79,0.4
234,-40.16,46.84,-5.95,0.73,-0.99,0.74,0.47
235,-40.16,43.55,-2.72,0.67,-1.0,0.69,0.55
236,-42.36,40.26,3.19,1.09,-0.99,0.63,0.59
237,-40.71,42.45,-1.11,0.63,-0.99,0.56,0.65
238,-44.55,35.32,8.03,-1.2,-0.97,0.48,0.71
239,-45.65,30.94,14.48,-0.23,-0.95,0.41,0.77
240,-46.2,29.84,16.63,0.27,-0.94,0.34,0.82
241,-45.1,29.84,16.1,0.84,-0.91,0.27,0.86
242,-44.0,25.46,18.25,-0.3,-0.88,0.19,0.9
243,-45.1,23.26,21.47,-0.37,-0.85,0.13,0.93
244,-45.1,25.46,19.86,0.21,-0.8,0.06,0.93
245,-42.36,20.52,18.25,-3.59,-0.76,-0.02,0.97
246,-42.91,15.04,30.61,2.74,-0.71,-0.1,0.98
247,-41.81,10.1,31.69,-0.02,-0.65,-0.17,0.99
248,-41.26,9.01,31.15,-1.1,-0.6,-0.25,1.0
249,-40.71,5.72,34.38,-0.62,-0.53,-0.32,0.99
250,-37.97,2.43,35.99,0.45,-0.47,-0.39,0.98
251,-37.97,1.33,33.3,-3.33,-0.39,-0.47,0.97
252,-33.57,-6.35,40.29,0.37,-0.3,-0.54,0.93
253,-28.08,-12.38,38.68,-1.78,-0.24,-0.61,0.92
254,-26.44,-16.76,44.59,1.39,-0.15,-0.67,0.88
255,-22.59,-15.12,37.6,-0.11,-0.09,-0.73,0.85
256,-20.95,-20.05,37.6,-3.4,-0.02,-0.78,0.82
257,-19.85,-20.05,40.83,0.93,0.05,-0.81,0.76
258,-15.46,-19.5,33.84,-1.12,0.12,-0.86,0.72
259,-10.52,-27.18,38.14,0.44,0.21,-0.9,0.66
260,-4.48,-33.76,35.99,-2.25,0.27,-0.93,0.62
261,-3.38,-37.05,40.29,-0.14,0.35,-0.96,0.55
262,-0.64,-36.5,38.14,1.0,0.42,-0.98,0.48
263,3.21,-40.89,33.84,-3.84,0.48,-0.99,0.42
264,6.5,-45.82,40.83,1.51,0.54,-0.99,0.34
265,11.44,-48.01,34.38,-2.2,0.61,-1.0,0.27
266,18.58,-50.21,33.3,1.67,0.68,-1.0,0.17
267,24.62,-50.21,23.62,-1.97,0.72,-0.99,0.11
268,18.58,-48.01,29.54,0.1,0.79,-0.98,0.02
269,22.97,-42.53,20.4,0.84,0.83,-0.96,-0.05
270,22.97,-42.53,18.25,-1.31,0.86,-0.94,-0.12
271,24.07,-41.98,16.1,-1.82,0.89,-0.91,-0.18
272,25.71,-43.08,16.1,-1.27,0.92,-0.87,-0.26
273,33.95,-41.44,8.03,0.55,0.96,-0.83,-0.34
274,39.99,-44.73,4.27,-0.47,0.97,-0.79,-0.41
275,41.09,-45.27,2.12,-2.07,0.99,-0.75,-0.47
276,40.54,-45.27,4.27,-0.47,1.0,-0.69,-0.54
277,40.54,-38.69,-2.18,-0.34,0.99,-0.63,-0.6
278,42.73,-39.79,-3.26,-0.32,0.98,-0.56,-0.65
279,43.28,-37.6,-5.95,-0.26,0.97,-0.48,-0.72
280,47.67,-31.57,-14.55,1.56,0.96,-0.41,-0.77
281,45.48,-28.28,-18.85,-1.65,0.94,-0.34,-0.82
282,44.93,-26.63,-18.31,-0.02,0.91,-0.27,-0.86
283,44.93,-26.08,-18.31,0.53,0.88,-0.19,-0.91
284,44.93,-21.7,-22.08,1.16,0.85,-0.12,-0.93
285,44.38,-23.89,-21.54,-1.05,0.8,-0.06,-0.94
286,43.28,-20.6,-19.93,2.76,0.76,0.03,-0.96
287,41.63,-11.83,-30.14,-0.33,0.7,0.1,-0.99
288,42.73,-7.44,-34.44,0.85,0.65,0.18,-0.99
289,39.44,-7.44,-32.29,-0.29,0.6,0.25,-1.0
290,41.09,-3.6,-35.52,1.96,0.53,0.32,-1.0
291,37.79,-0.31,-37.67,-0.19,0.47,0.39,-0.99
292,37.79,1.33,-38.21,0.92,0.39,0.47,-0.96
293,34.5,7.36,-39.82,2.04,0.31,0.54,-0.94
294,28.46,14.49,-41.43,1.52,0.24,0.61,-0.92
295,25.71,17.78,-42.51,0.99,0.16,0.67,-0.89
296,23.52,17.78,-41.43,-0.13,0.09,0.72,-0.85
297,19.68,19.97,-38.21,1.44,0.02,0.77,-0.82
298,19.68,21.62,-41.43,-0.14,-0.04,0.81,-0.77
299,16.93,21.07,-35.52,2.48,-0.12,0.85,-0.72
300,11.44,27.65,-39.28,-0.19,-0.2,0.89,-0.66
301,4.3,33.68,-35.52,2.47,-0.27,0.93,-0.61
302,3.76,38.61,-42.51,-0.14,-0.35,0.95,-0.55
303,1.56,36.42,-37.67,0.31,-0.42,0.98,-0.48
304,-1.73,40.26,-36.06,2.47,-0.48,0.99,-0.41
305,-6.67,43.55,-35.52,1.36,-0.54,0.99,-0.34
306,-10.52,47.93,-36.59,0.82,-0.61,1.0,-0.26
307,-16.56,49.58,-32.83,0.19,-0.68,1.01,-0.17
308,-22.59,51.77,-26.92,2.26,-0.73,1.0,-0.1
309,-23.14,49.58,-25.84,0.6,-0.78,0.98,-0.03
310,-22.05,46.29,-24.23,0.02,-0.83,0.97,0.04
311,-23.14,43.0,-19.39,0.47,-0.87,0.94,0.12
312,-25.34,43.0,-17.24,0.42,-0.89,0.91,0.19
313,-26.99,42.45,-14.55,0.92,-0.92,0.87,0.25
314,-31.93,43.55,-10.79,0.84,-0.96,0.83,0.35
315,-40.71,44.1,-2.18,1.2,-0.97,0.79,0.4
316,-40.71,47.93,-4.33,2.89,-0.99,0.74,0.47
317,-40.16,44.1,-4.33,-0.4,-1.0,0.69,0.54
318,-42.36,40.81,1.58,0.03,-1.0,0.63,0.6
319,-43.46,39.16,4.27,-0.03,-0.98,0.56,0.65
320,-42.91,38.61,6.42,2.13,-0.97,0.48,0.71
321,-45.1,32.03,12.33,-0.74,-0.96,0.41,0.77
322,-47.3,28.74,18.25,-0.31,-0.94,0.34,0.82
323,-45.1,29.84,17.17,1.91,-0.91,0.27,0.86
324,-44.0,27.65,15.02,-1.34,-0.88,0.19,0.9
325,-44.55,22.17,21.47,-0.92,-0.85,0.13,0.93
326,-45.65,23.26,22.55,0.16,-0.8,0.05,0.94
327,-41.81,20.52,18.78,-2.5,-0.76,-0.02,0.96
328,-42.91,14.49,27.92,-0.49,-0.71,-0.1,0.98
329,-42.91,8.46,32.23,-2.22,-0.65,-0.18,0.99
330,-41.26,7.91,34.91,1.56,-0.59,-0.25,0.99
331,-40.16,8.46,30.08,-1.63,-0.53,-0.32,0.99
332,-37.97,1.88,35.45,-0.64,-0.47,-0.39,0.98
333,-37.97,0.23,35.99,-1.74,-0.39,-0.47,0.96
334,-33.57,-4.7,38.68,0.4,-0.3,-0.54,0.93
335,-27.54,-12.38,37.6,-2.31,-0.23,-0.62,0.92
336,-25.89,-18.41,45.13,0.83,-0.15,-0.67,0.88
337,-23.14,-13.47,38.14,1.52,-0.09,-0.72,0.85
338,-22.59,-17.86,38.14,-2.31,-0.01,-0.78,0.82
339,-18.2,-20.6,38.68,-0.13,0.05,-0.81,0.77
340,-14.91,-21.7,34.91,-1.69,0.12,-0.85,0.73
341,-12.71,-25.54,38.68,0.43,0.21,-0.89,0.66
342,-3.93,-33.21,34.38,-2.76,0.28,-0.94,0.61
343,-2.83,-38.15,40.29,-0.69,0.35,-0.96,0.55
344,-1.73,-36.5,37.6,-0.63,0.41,-0.98,0.49
345,2.11,-40.34,35.45,-2.78,0.49,-0.99,0.41
346,7.6,-44.18,38.68,2.1,0.54,-1.0,0.34
347,11.44,-47.47,33.84,-2.19,0.61,-0.99,0.27
348,15.83,-48.01,34.91,2.73,0.68,-1.0,0.17
349,22.97,-49.11,23.09,-3.06,0.73,-0.99,0.1
350,20.77,-48.01,26.31,-0.93,0.78,-0.98,0.02
351,21.32,-42.53,20.94,-0.27,0.82,-0.96,-0.04
352,20.77,-42.53,21.47,-0.28,0.87,-0.94,-0.12
353,25.17,-41.44,15.02,-1.25,0.89,-0.91,-0.19
354,25.17,-41.98,15.02,-1.8,0.92,-0.87,-0.25
355,31.75,-40.89,10.18,1.05,0.96,-0.83,-0.34
356,39.99,-44.18,4.27,0.08,0.97,-0.79,-0.41
357,41.63,-45.27,0.5,-3.13,0.99,-0.75,-0.47
358,38.89,-43.08,4.27,0.08,1.0,-0.69,-0.54
359,39.99,-38.69,-1.11,0.19,1.0,-0.63,-0.6
360,43.28,-38.15,-5.41,-0.27,0.98,-0.56,-0.65
361,42.73,-37.05,-7.02,-1.34,0.97,-0.48,-0.71
362,43.83,-31.57,-10.79,1.48,0.96,-0.41,-0.77
363,46.03,-27.73,-18.85,-0.55,0.94,-0.33,-0.83
364,45.48,-26.63,-19.39,-0.54,0.91,-0.27,-0.86
365,43.28,-27.18,-16.16,-0.06,0.88,-0.19,-0.9
366,42.73,-22.25,-19.93,0.56,0.85,-0.12,-0.93
367,43.83,-21.15,-23.15,-0.47,0.8,-0.05,-0.95
368,42.73,-21.7,-21.54,-0.5,0.75,0.03,-0.96
369,39.99,-11.83,-25.84,2.32,0.71,0.1,-0.99
370,42.18,-6.35,-34.44,1.4,0.65,0.18,-0.99
371,40.54,-6.35,-34.98,-0.79,0.6,0.25,-1.0
372,41.09,-6.89,-33.9,0.29,0.53,0.33,-0.99
373,36.15,-0.86,-34.98,0.3,0.46,0.4,-0.99
374,36.15,2.98,-39.82,-0.7,0.39,0.47,-0.96
375,34.5,5.17,-38.21,1.46,0.31,0.54,-0.93
376,27.91,12.84,-39.82,0.94,0.23,0.62,-0.91
377,24.07,19.42,-41.97,1.52,0.16,0.67,-0.89
378,22.97,18.33,-42.51,-1.21,0.09,0.72,-0.85
379,22.97,15.59,-36.59,1.96,0.02,0.77,-0.82
380,19.13,21.07,-39.82,0.38,-0.05,0.81,-0.77
381,14.74,22.71,-36.06,1.39,-0.12,0.85,-0.72
382,13.64,26.55,-39.82,0.37,-0.2,0.89,-0.66
383,5.4,33.13,-34.44,4.09,-0.28,0.94,-0.61
384,2.11,39.71,-40.36,1.46,-0.35,0.96,-0.55
385,-0.64,37.52,-38.74,-1.86,-0.41,0.98,-0.49
386,1.01,39.71,-37.67,3.05,-0.49,0.99,-0.41
387,-8.32,45.19,-36.59,0.28,-0.55,1.0,-0.34
388,-10.52,48.48,-35.52,2.45,-0.61,0.99,-0.26
389,-16.01,49.03,-34.44,-1.42,-0.68,1.0,-0.17
390,-18.2,48.48,-27.45,2.83,-0.74,1.0,-0.1
391,-45.65,22.17,-23.69,-47.18,-0.78,0.97,-0.03
392,-45.65,70.96,-15.09,10.22,-0.81,0.95,0.04
393,-80.79,94.54,-21.54,-7.79,-0.85,0.92,0.11
394,-113.72,130.18,-17.78,-1.32,-0.88,0.89,0.19
395,-140.08,153.75,-17.78,-4.1,-0.9,0.85,0.25
396,-161.49,166.91,-11.32,-5.9,-0.94,0.82,0.34
397,-183.99,177.88,1.58,-4.54,-0.96,0.78,0.4
398,-200.46,184.46,12.33,-3.67,-0.98,0.73,0.47
399,-210.89,178.97,26.85,-5.07,-0.98,0.68,0.53
400,-217.48,169.11,42.98,-5.4,-0.99,0.62,0.59
401,-227.91,162.53,59.65,-5.74,-0.97,0.55,0.65
402,-238.34,157.04,74.7,-6.6,-0.95,0.48,0.69
403,-246.58,146.08,92.98,-7.52,-0.95,0.41,0.76
404,-255.36,130.73,117.17,-7.46,-0.93,0.34,0.82
405,-260.85,120.31,133.3,-7.24,-0.9,0.27,0.85
406,-261.95,109.89,144.59,-7.46,-0.88,0.2,0.89
407,-263.05,90.7,164.49,-7.86,-0.84,0.13,0.92
408,-267.44,76.45,182.77,-8.22,-0.8,0.06,0.94
409,-268.53,64.38,197.28,-6.87,-0.76,-0.01,0.96
410,-272.38,47.93,213.41,-11.03,-0.7,-0.09,0.97
411,-274.02,31.49,234.38,-8.16,-0.65,-0.17,0.98
412,-280.61,17.23,255.89,-7.49,-0.6,-0.24,0.98
413,-283.36,6.81,269.33,-7.21,-0.53,-0.31,0.98
414,-284.46,-9.64,284.92,-9.17,-0.46,-0.39,0.97
415,-284.46,-26.08,302.66,-7.88,-0.39,-0.46,0.96
416,-288.3,-42.53,319.87,-10.96,-0.3,-0.53,0.92
417,-285.0,-58.43,334.92,-8.51,-0.23,-0.61,0.91
418,-288.85,-78.17,356.97,-10.05,-0.15,-0.67,0.87
419,-287.2,-94.07,373.63,-7.64,-0.09,-0.72,0.84
420,-292.69,-108.33,389.76,-11.25,-0.02,-0.77,0.81
421,-288.3,-124.77,404.28,-8.79,0.06,-0.81,0.75
422,-281.16,-145.06,416.64,-9.58,0.12,-0.85,0.72
423,-274.02,-163.15,428.47,-8.71,0.21,-0.88,0.65
424,-261.95,-185.09,434.39,-12.65,0.28,-0.93,0.6
425,-248.22,-209.21,449.44,-7.99,0.35,-0.95,0.54
426,-235.05,-227.85,454.82,-8.08,0.4,-0.97,0.48
427,-221.87,-244.3,456.43,-9.74,0.47,-0.98,0.41
428,-198.27,-265.13,455.89,-7.51,0.53,-0.98,0.34
429,-173.56,-286.52,446.22,-13.86,0.59,-0.98,0.27
430,-148.86,-302.97,440.3,-11.52,0.66,-0.98,0.18
431,-121.96,-317.77,422.02,-17.71,0.71,-0.98,0.11
432,-95.61,-334.77,416.64,-13.73,0.77,-0.96,0.03
433,-70.9,-347.38,401.59,-16.69,0.79,-0.94,-0.03
434,-50.04,-356.7,393.53,-13.22,0.84,-0.92,-0.1
435,-20.4,-366.02,374.17,-12.25,0.87,-0.89,-0.18
436,8.15,-375.34,355.89,-11.3,0.89,-0.86,-0.24
437,34.5,-378.63,333.31,-10.82,0.93,-0.82,-0.32
438,64.14,-376.98,303.2,-9.64,0.95,-0.78,-0.39
439,92.14,-375.89,272.55,-11.19,0.98,-0.74,-0.46
440,115.2,-372.05,245.13,-11.72,0.97,-0.69,-0.51
441,134.96,-361.08,218.79,-7.33,0.98,-0.63,-0.57
442,155.82,-348.47,184.92,-7.73,0.96,-0.56,-0.63
443,177.23,-334.22,150.51,-6.48,0.95,-0.49,-0.68
444,192.6,-315.58,116.64,-6.34,0.94,-0.42,-0.74
445,205.78,-290.36,80.08,-4.5,0.93,-0.35,-0.8
446,218.95,-266.23,43.52,-3.76,0.9,-0.28,-0.84
447,227.19,-246.49,15.56,-3.75,0.87,-0.21,-0.87
448,231.58,-224.01,-9.17,-1.61,0.84,-0.14,-0.9
449,237.62,-199.34,-38.74,-0.47,0.79,-0.07,-0.92
450,238.72,-175.76,-64.01,-1.06,0.75,0.01,-0.94
451,236.52,-151.09,-86.06,-0.63,0.7,0.09,-0.96
452,237.62,-122.58,-111.86,3.17,0.64,0.17,-0.97
453,231.58,-95.72,-137.13,-1.27,0.59,0.24,-0.98
454,228.83,-75.43,-153.8,-0.39,0.53,0.3,-0.97
455,218.4,-52.4,-165.63,0.37,0.46,0.38,-0.96
456,206.88,-23.34,-182.3,1.24,0.39,0.46,-0.95
457,192.6,2.98,-197.35,-1.77,0.31,0.52,-0.92
458,178.33,26.55,-205.41,-0.53,0.23,0.59,-0.9
459,161.86,51.77,-214.55,-0.92,0.16,0.66,-0.87
460,146.49,71.51,-221.54,-3.54,0.1,0.71,-0.84
461,134.96,86.86,-224.23,-2.41,0.03,0.75,-0.81
462,120.14,100.57,-224.77,-4.06,-0.04,0.8,-0.76
463,103.67,119.76,-224.23,-0.8,-0.11,0.84,-0.72
464,86.1,136.76,-228.53,-5.68,-0.19,0.87,-0.65
465,66.34,152.11,-220.47,-2.02,-0.26,0.91,-0.61
466,47.67,169.65,-223.16,-5.83,-0.34,0.94,-0.54
467,29.56,183.36,-215.09,-2.17,-0.4,0.96,-0.49
468,14.19,191.58,-211.87,-6.1,-0.47,0.97,-0.41
469,-7.77,203.1,-201.11,-5.79,-0.53,0.98,-0.34
470,-29.18,214.06,-190.36,-5.48,-0.6,0.99,-0.26
471,-49.49,223.39,-177.99,-4.1,-0.66,0.99,-0.18
472,-69.81,229.42,-165.63,-6.02,-0.72,0.98,-0.11
473,-86.82,233.25,-149.5,-3.07,-0.78,0.98,-0.02
474,-103.29,233.8,-133.91,-3.4,-0.81,0.96,0.04
475,-114.82,233.25,-122.62,-4.18,-0.85,0.93,0.11
476,-130.19,231.61,-107.02,-5.61,-0.89,0.9,0.18
477,-146.66,230.51,-87.13,-3.28,-0.91,0.87,0.25
478,-163.68,228.87,-69.39,-4.2,-0.95,0.83,0.33
479,-179.6,227.22,-52.18,-4.56,-0.97,0.79,0.39
480,-193.87,225.03,-34.44,-3.29,-0.99,0.74,0.47
481,-205.95,219.0,-16.16,-3.12,-0.99,0.69,0.53
482,-213.09,209.68,-0.03,-3.44,-0.98,0.63,0.58
483,-222.42,198.71,19.86,-3.85,-0.98,0.56,0.65
484,-232.3,183.91,43.52,-4.88,-0.96,0.49,0.7
485,-238.34,171.3,62.33,-4.71,-0.95,0.41,0.76
486,-242.18,157.04,81.15,-3.99,-0.93,0.34,0.81
487,-247.12,141.69,99.97,-5.46,-0.91,0.27,0.86
488,-249.87,129.08,116.1,-4.69,-0.88,0.2,0.89
489,-250.42,114.83,130.08,-5.52,-0.84,0.13,0.92
490,-253.71,100.02,146.21,-7.48,-0.8,0.06,0.93
491,-250.97,80.83,165.03,-5.11,-0.76,-0.02,0.96
492,-254.81,64.38,182.77,-7.66,-0.71,-0.09,0.97
493,-252.07,48.48,197.82,-5.76,-0.66,-0.17,0.98
494,-253.16,29.29,217.18,-6.69,-0.6,-0.24,0.99
495,-252.07,15.04,232.23,-4.8,-0.54,-0.31,0.99
496,-250.97,2.43,241.91,-6.63,-0.47,-0.38,0.97
497,-246.58,-17.31,256.96,-6.92,-0.39,-0.46,0.96
498,-241.09,-38.69,274.71,-5.07,-0.31,-0.53,0.92
499,-235.05,-57.34,286.0,-6.39,-0.24,-0.6,0.91
500,-229.56,-77.62,299.98,-7.2,-0.15,-0.66,0.87
501,-221.87,-95.17,309.65,-7.39,-0.09,-0.72,0.85
502,-220.77,-110.52,325.78,-5.51,-0.03,-0.76,0.81
503,-216.38,-123.68,334.38,-5.68,0.05,-0.8,0.76
504,-205.95,-143.96,343.52,-6.39,0.12,-0.85,0.72
505,-196.62,-165.35,355.89,-6.08,0.2,-0.88,0.66
506,-186.19,-183.44,362.88,-6.75,0.27,-0.92,0.61
507,-174.66,-203.73,373.1,-5.29,0.35,-0.95,0.54
508,-159.29,-222.92,376.32,-5.89,0.4,-0.98,0.49
509,-148.31,-239.37,382.24,-5.44,0.47,-0.98,0.42
510,-129.64,-256.36,383.31,-2.7,0.53,-0.98,0.34
511,-107.69,-273.91,372.56,-9.04,0.6,-0.99,0.27
512,-85.73,-288.71,365.57,-8.87,0.66,-0.99,0.19
513,-63.77,-301.87,351.59,-14.05,0.71,-0.98,0.12
514,-41.26,-311.74,345.14,-7.86,0.77,-0.97,0.03
515,-18.2,-320.51,325.78,-12.93,0.8,-0.95,-0.03
516,1.01,-328.19,317.72,-9.46,0.84,-0.93,-0.1
517,23.52,-329.28,296.75,-9.02,0.87,-0.9,-0.17
518,49.87,-333.12,275.24,-8.01,0.9,-0.86,-0.24
519,77.87,-336.96,251.59,-7.51,0.93,-0.83,-0.31
520,104.22,-339.15,227.39,-7.54,0.95,-0.79,-0.38
521,127.82,-334.22,201.05,-5.35,0.98,-0.75,-0.45
522,150.33,-328.19,172.01,-5.84,0.98,-0.69,-0.52
523,169.0,-319.96,145.67,-5.3,0.97,-0.63,-0.57
524,186.56,-307.9,118.25,-3.09,0.96,-0.56,-0.63
525,204.68,-290.36,83.3,-2.37,0.96,-0.49,-0.69
526,219.5,-272.81,51.58,-1.73,0.93,-0.42,-0.74
527,229.93,-255.27,24.7,-0.63,0.92,-0.35,-0.79
528,240.36,-233.88,-4.33,2.15,0.9,-0.28,-0.84
529,248.05,-212.5,-31.75,3.8,0.87,-0.2,-0.88
530,250.79,-193.86,-53.8,3.14,0.84,-0.14,-0.9
531,254.09,-174.67,-74.77,4.65,0.79,-0.07,-0.92
532,254.64,-148.35,-100.57,5.71,0.75,0.01,-0.94
533,251.89,-123.68,-124.77,3.45,0.7,0.08,-0.96
534,249.7,-101.75,-143.58,4.36,0.65,0.16,-0.97
535,245.3,-77.07,-163.48,4.75,0.6,0.23,-0.98
536,240.91,-54.05,-182.3,4.57,0.53,0.3,-0.98
537,230.48,-33.76,-195.74,0.99,0.46,0.37,-0.96
538,220.6,-10.18,-207.57,2.85,0.39,0.45,-0.95
539,204.68,18.33,-219.93,3.08,0.31,0.52,-0.93
540,188.21,43.0,-230.15,1.06,0.24,0.59,-0.9
541,173.94,62.74,-235.52,1.15,0.16,0.65,-0.87
542,158.57,83.02,-241.44,0.15,0.1,0.71,-0.85
543,145.39,98.92,-246.28,-1.96,0.03,0.75,-0.81
544,131.12,112.63,-247.35,-3.6,-0.04,0.79,-0.76
545,112.45,129.08,-239.82,1.71,-0.12,0.84,-0.71
546,93.24,149.37,-244.13,-1.52,-0.19,0.88,-0.66
547,75.12,165.82,-240.36,0.58,-0.26,0.91,-0.61
548,59.75,179.52,-242.51,-3.24,-0.34,0.94,-0.54
549,40.54,193.23,-233.91,-0.14,-0.4,0.97,-0.48
550,22.42,204.74,-230.15,-2.98,-0.47,0.98,-0.42
551,3.76,216.81,-223.69,-3.13,-0.53,0.98,-0.34
552,-18.2,226.13,-211.33,-3.41,-0.6,0.99,-0.26
553,-41.81,235.45,-196.81,-3.17,-0.67,0.99,-0.18
554,-62.12,242.57,-182.83,-2.38,-0.72,0.98,-0.11
555,-77.49,245.32,-170.47,-2.64,-0.78,0.97,-0.03
556,-93.96,243.67,-152.72,-3.01,-0.82,0.96,0.04
557,-106.59,243.67,-139.82,-2.74,-0.85,0.93,0.1
558,-119.76,243.67,-126.92,-3.01,-0.88,0.9,0.18
559,-137.33,240.38,-107.56,-4.51,-0.92,0.87,0.25
560,-156.54,240.38,-87.13,-3.29,-0.95,0.83,0.34
561,-172.46,238.19,-68.85,-3.13,-0.96,0.79,0.39
562,-183.99,238.19,-55.95,-1.75,-0.99,0.74,0.47
563,-195.52,229.42,-36.06,-2.16,-0.99,0.69,0.53
564,-204.85,221.19,-18.31,-1.97,-0.98,0.63,0.58
565,-212.54,211.32,-1.11,-2.32,-0.97,0.56,0.64
566,-221.32,197.07,20.4,-3.86,-0.96,0.48,0.7
567,-229.56,181.17,45.13,-3.26,-0.95,0.42,0.75
568,-235.05,169.11,62.33,-3.61,-0.93,0.34,0.81
569,-237.24,155.4,80.61,-1.23,-0.91,0.27,0.85
570,-241.09,140.05,97.82,-3.22,-0.88,0.2,0.9
571,-241.64,125.24,115.02,-1.37,-0.84,0.14,0.92
572,-244.38,114.83,126.31,-3.24,-0.8,0.06,0.93
573,-238.34,92.89,142.98,-2.47,-0.76,-0.02,0.96
574,-241.64,75.35,164.49,-1.8,-0.7,-0.09,0.97
575,-235.6,57.8,180.08,2.29,-0.65,-0.16,0.98
576,-236.69,42.45,194.6,0.35,-0.6,-0.23,0.99
577,-232.3,22.71,210.73,1.14,-0.54,-0.3,0.99
578,-228.46,5.17,225.24,1.95,-0.47,-0.37,0.97
579,-224.07,-10.73,235.99,1.2,-0.39,-0.45,0.96
580,-215.83,-32.66,250.51,2.01,-0.31,-0.52,0.92
581,-206.5,-55.14,265.03,3.38,-0.24,-0.6,0.92
582,-201.01,-74.33,278.47,3.13,-0.16,-0.65,0.87
583,-191.68,-89.14,283.85,3.03,-0.09,-0.71,0.85
584,-187.84,-107.23,296.75,1.68,-0.02,-0.76,0.81
585,-182.35,-121.48,307.5,3.67,0.04,-0.79,0.76
586,-173.56,-135.74,312.88,3.58,0.12,-0.84,0.72
587,-160.94,-156.57,320.94,3.43,0.2,-0.88,0.65
588,-148.31,-176.31,328.47,3.85,0.27,-0.92,0.61
589,-139.53,-193.86,336.54,3.15,0.34,-0.95,0.55
590,-123.61,-208.66,337.07,4.81,0.41,-0.97,0.48
591,-109.88,-224.56,335.46,1.02,0.47,-0.98,0.42
592,-92.86,-241.56,339.76,5.34,0.53,-0.98,0.35
593,-72.55,-256.91,329.55,0.08,0.6,-0.98,0.27
594,-47.3,-270.07,320.94,3.58,0.67,-0.99,0.18
595,-24.24,-283.23,303.2,-4.27,0.71,-0.98,0.12
596,-5.03,-293.1,294.6,-3.53,0.77,-0.97,0.03
597,18.03,-298.03,275.24,-4.76,0.81,-0.96,-0.03
598,37.24,-305.16,262.34,-5.58,0.84,-0.93,-0.1
599,58.65,-309.55,246.75,-4.14,0.87,-0.9,-0.17
600,80.06,-311.74,227.93,-3.75,0.9,-0.87,-0.24
601,106.96,-312.84,205.89,0.01,0.94,-0.83,-0.32
602,131.12,-316.13,181.15,-3.85,0.95,-0.79,-0.38
603,149.23,-312.84,160.19,-3.42,0.97,-0.75,-0.45
604,167.9,-305.16,135.45,-1.81,0.98,-0.7,-0.52
605,185.47,-295.29,107.5,-2.33,0.98,-0.64,-0.57
606,201.94,-285.42,81.69,-1.8,0.96,-0.57,-0.62
607,215.66,-269.52,53.73,-0.13,0.95,-0.5,-0.69
608,230.48,-250.33,20.4,0.55,0.94,-0.43,-0.74
609,241.46,-232.24,-7.56,1.66,0.92,-0.35,-0.8
610,248.05,-212.5,-32.83,2.72,0.9,-0.29,-0.84
611,254.09,-192.21,-58.1,3.78,0.87,-0.21,-0.88
612,260.13,-170.28,-83.91,5.94,0.84,-0.15,-0.9
613,261.77,-153.29,-104.34,4.15,0.79,-0.08,-0.92
614,261.22,-130.81,-123.69,6.73,0.75,0.0,-0.94
615,257.93,-105.04,-148.42,4.47,0.7,0.08,-0.97
616,257.93,-83.65,-169.39,4.89,0.65,0.15,-0.97
617,252.44,-64.46,-183.37,4.61,0.6,0.22,-0.98
618,246.95,-43.63,-198.43,4.9,0.54,0.3,-0.98
619,237.07,-22.25,-212.94,1.88,0.47,0.37,-0.97
620,227.19,-0.86,-223.69,2.63,0.39,0.44,-0.94
621,211.82,22.17,-233.37,0.61,0.31,0.51,-0.92
622,194.25,47.93,-243.59,-1.4,0.24,0.58,-0.9
623,179.98,69.32,-250.58,-1.28,0.17,0.64,-0.87
624,165.15,87.41,-253.8,-1.24,0.1,0.7,-0.84
625,150.33,104.96,-256.49,-1.2,0.03,0.75,-0.81
626,135.51,120.86,-259.72,-3.35,-0.04,0.79,-0.77
627,118.49,135.66,-257.57,-3.42,-0.11,0.83,-0.71
628,99.28,152.11,-256.49,-5.11,-0.2,0.87,-0.65
629,80.06,171.85,-252.73,-0.82,-0.26,0.92,-0.61
630,64.14,188.29,-257.03,-4.59,-0.33,0.94,-0.55
631,48.22,196.52,-248.96,-4.22,-0.4,0.96,-0.49
632,29.01,209.13,-242.51,-4.37,-0.47,0.98,-0.41
633,8.7,221.74,-233.91,-3.47,-0.53,0.98,-0.35
634,-9.97,231.61,-227.46,-5.82,-0.6,0.98,-0.26
635,-34.12,239.29,-211.87,-6.7,-0.67,0.99,-0.18
636,-56.08,246.96,-196.27,-5.4,-0.72,0.99,-0.11
637,-71.45,251.35,-181.76,-1.86,-0.77,0.97,-0.03
638,-86.28,249.7,-166.17,-2.74,-0.82,0.96,0.04
639,-102.2,248.06,-149.5,-3.64,-0.85,0.94,0.11
640,-117.57,248.06,-133.91,-3.42,-0.88,0.9,0.18
641,-132.39,246.41,-118.32,-4.29,-0.91,0.87,0.24
642,-149.96,245.32,-98.42,-3.06,-0.95,0.83,0.34
643,-169.17,242.57,-77.45,-4.05,-0.96,0.8,0.39
644,-180.15,243.12,-63.48,-0.5,-0.98,0.75,0.46
645,-189.48,236.54,-48.42,-1.36,-0.99,0.7,0.53
646,-199.91,227.22,-27.99,-0.68,-0.99,0.64,0.59
647,-208.7,217.35,-8.64,0.02,-0.97,0.57,0.64
648,-214.74,204.74,9.64,-0.35,-0.96,0.5,0.7
649,-221.87,189.94,31.69,-0.24,-0.95,0.42,0.76
650,-229.01,174.59,54.27,-0.15,-0.93,0.35,0.81
651,-231.75,161.43,70.94,0.61,-0.9,0.28,0.85
652,-232.85,147.17,85.45,-0.22,-0.88,0.21,0.89
653,-235.05,131.82,104.27,1.05,-0.85,0.14,0.92
654,-239.44,118.11,120.4,-0.92,-0.79,0.07,0.93
655,-232.85,103.31,131.69,2.15,-0.76,-0.01,0.96
656,-234.5,81.38,151.58,-1.53,-0.71,-0.08,0.97
657,-231.75,62.74,170.94,1.92,-0.65,-0.16,0.98
658,-229.01,46.84,182.77,0.6,-0.6,-0.23,0.99
659,-224.07,31.49,194.06,1.48,-0.53,-0.3,0.98
660,-216.93,11.2,208.04,2.31,-0.47,-0.37,0.98
661,-211.99,-6.35,220.94,2.6,-0.39,-0.45,0.96
662,-201.56,-26.63,232.23,4.04,-0.3,-0.52,0.92
663,-187.84,-50.21,241.91,3.87,-0.24,-0.6,0.91
664,-180.7,-72.69,256.96,3.58,-0.16,-0.65,0.87
665,-171.92,-87.49,261.26,1.86,-0.1,-0.71,0.85
666,-164.78,-104.49,270.94,1.68,-0.02,-0.76,0.81
667,-154.35,-121.48,279.54,3.71,0.05,-0.8,0.76
668,-145.56,-138.48,286.0,1.95,0.12,-0.84,0.72
669,-134.04,-156.03,293.52,3.46,0.2,-0.88,0.65
670,-119.21,-176.31,297.82,2.3,0.27,-0.92,0.61
671,-108.23,-196.6,307.5,2.67,0.34,-0.95,0.55
672,-97.8,-209.21,309.12,2.1,0.4,-0.96,0.49
673,-83.53,-223.47,309.12,2.12,0.48,-0.98,0.42
674,-64.87,-240.46,310.73,5.4,0.53,-0.98,0.34
675,-46.75,-256.36,304.28,1.16,0.6,-0.98,0.27
676,-24.24,-267.88,297.82,5.71,0.67,-0.98,0.18
677,-1.73,-277.75,277.93,-1.55,0.72,-0.98,0.11
678,16.38,-287.07,266.64,-4.04,0.77,-0.97,0.03
679,34.5,-289.81,247.29,-8.02,0.8,-0.95,-0.03
680,54.26,-294.74,233.84,-6.64,0.85,-0.93,-0.11
681,78.42,-298.58,215.56,-4.6,0.88,-0.91,-0.17
682,99.28,-302.97,197.82,-5.87,0.9,-0.86,-0.24
683,122.33,-300.22,176.32,-1.57,0.94,-0.83,-0.32
684,149.23,-300.77,148.36,-3.18,0.96,-0.79,-0.39
685,169.55,-299.68,125.78,-4.35,0.97,-0.75,-0.45
686,182.17,-294.19,106.96,-5.06,0.98,-0.7,-0.52
687,198.09,-282.13,81.69,-2.35,0.98,-0.64,-0.58
688,215.66,-271.71,55.35,-0.71,0.97,-0.57,-0.64
689,226.64,-258.01,29.54,-1.83,0.95,-0.49,-0.69
690,236.52,-239.37,3.19,0.35,0.94,-0.42,-0.74
691,248.05,-220.18,-24.76,3.11,0.93,-0.35,-0.81
692,255.73,-202.08,-51.11,2.54,0.9,-0.28,-0.84
693,260.13,-184.54,-73.15,2.44,0.87,-0.21,-0.87
694,263.42,-162.61,-96.81,4.0,0.84,-0.14,-0.91
695,266.16,-141.22,-121.0,3.94,0.8,-0.07,-0.93
696,265.07,-120.39,-139.82,4.86,0.75,0.0,-0.94
697,261.77,-96.81,-161.33,3.63,0.7,0.08,-0.96
698,261.77,-73.24,-183.91,4.63,0.65,0.16,-0.98
699,257.93,-54.05,-200.58,3.31,0.6,0.23,-0.98
700,254.09,-38.15,-211.87,4.08,0.53,0.3,-0.98
701,242.01,-17.86,-223.16,0.99,0.47,0.37,-0.97
702,233.23,5.17,-236.6,1.8,0.39,0.44,-0.95
703,219.5,26.0,-245.74,-0.23,0.31,0.51,-0.92
704,201.39,49.58,-252.73,-1.76,0.24,0.59,-0.9
705,183.82,72.61,-259.18,-2.75,0.16,0.65,-0.88
706,170.64,90.15,-263.48,-2.68,0.1,0.7,-0.85
707,156.37,105.5,-264.56,-2.68,0.03,0.75,-0.81
708,139.9,122.5,-266.17,-3.77,-0.04,0.8,-0.76
709,121.24,141.14,-265.63,-3.25,-0.11,0.83,-0.72
710,103.12,155.95,-265.63,-6.56,-0.19,0.87,-0.65
711,83.91,174.04,-259.72,-1.77,-0.27,0.92,-0.61
712,65.24,193.23,-263.48,-5.01,-0.34,0.95,-0.54
713,49.87,204.2,-257.03,-2.96,-0.4,0.96,-0.49
714,33.95,214.06,-253.8,-5.79,-0.47,0.98,-0.41
715,13.09,227.22,-243.59,-3.28,-0.53,0.99,-0.34
716,-7.22,238.19,-235.52,-4.56,-0.6,0.99,-0.27
717,-29.18,245.32,-221.54,-5.41,-0.66,0.99,-0.18
718,-50.04,250.8,-205.95,-5.2,-0.72,0.99,-0.11
719,-68.71,254.64,-190.36,-4.43,-0.77,0.98,-0.03
720,-82.98,255.73,-175.31,-2.55,-0.81,0.96,0.03
721,-96.16,251.9,-159.18,-3.44,-0.85,0.94,0.11
722,-114.82,251.9,-141.97,-4.9,-0.88,0.91,0.18
723,-131.84,251.9,-123.15,-3.1,-0.91,0.87,0.24
724,-147.76,250.8,-105.95,-2.91,-0.94,0.83,0.33
725,-166.97,247.51,-85.52,-4.98,-0.96,0.8,0.4
726,-181.25,249.15,-68.85,-0.95,-0.98,0.75,0.47
727,-191.13,241.48,-52.18,-1.84,-0.98,0.7,0.52
728,-197.17,231.61,-36.06,-1.61,-0.98,0.64,0.58
729,-208.15,221.19,-14.55,-1.51,-0.98,0.57,0.65
730,-216.93,209.68,5.88,-1.37,-0.96,0.5,0.69
731,-220.77,195.42,24.16,-1.19,-0.95,0.42,0.75
732,-226.81,180.07,46.2,-0.54,-0.93,0.35,0.81
733,-231.75,164.72,66.1,-0.94,-0.91,0.28,0.85
734,-233.4,152.66,80.61,-0.13,-0.87,0.21,0.88
735,-233.4,135.66,97.82,0.08,-0.84,0.14,0.91
736,-235.05,118.66,116.1,-0.29,-0.8,0.07,0.93
737,-232.85,102.21,131.69,1.05,-0.75,0.0,0.95
738,-231.75,84.12,146.21,-1.42,-0.7,-0.08,0.97
739,-227.91,64.38,165.56,2.04,-0.65,-0.16,0.98
740,-226.26,45.74,181.69,1.17,-0.6,-0.23,0.99
741,-221.87,32.58,191.37,2.08,-0.53,-0.3,0.98
742,-214.74,16.68,200.51,2.46,-0.47,-0.37,0.97
743,-207.05,-5.8,215.03,2.18,-0.39,-0.45,0.96
744,-197.72,-24.99,226.85,4.15,-0.31,-0.52,0.92
745,-185.09,-44.18,233.31,4.04,-0.23,-0.59,0.91
746,-173.56,-65.56,245.13,6.01,-0.15,-0.65,0.87
747,-162.58,-84.75,251.05,3.72,-0.1,-0.71,0.85
748,-154.9,-100.1,258.58,3.58,-0.02,-0.75,0.81
749,-141.72,-114.91,262.34,5.71,0.05,-0.8,0.76
750,-128.55,-136.29,268.25,3.42,0.12,-0.84,0.72
751,-114.82,-153.83,274.71,6.05,0.2,-0.87,0.65
752,-99.45,-171.93,273.63,2.25,0.27,-0.92,0.61
753,-83.53,-193.31,282.23,5.39,0.35,-0.95,0.54
754,-68.71,-209.76,281.16,2.69,0.4,-0.96,0.49
755,-57.18,-224.01,283.85,2.65,0.47,-0.97,0.41
756,-38.52,-239.91,283.31,4.88,0.54,-0.98,0.34
757,-18.75,-256.36,275.24,0.13,0.6,-0.99,0.26
758,0.46,-268.42,272.02,4.05,0.66,-0.98,0.18
759,19.68,-277.75,255.89,-2.18,0.72,-0.98,0.11
760,38.89,-285.42,244.06,-2.47,0.78,-0.97,0.02
761,57.01,-290.9,225.24,-8.66,0.81,-0.95,-0.03
762,71.83,-295.29,213.95,-9.51,0.85,-0.93,-0.11
763,94.34,-293.65,194.6,-4.71,0.88,-0.9,-0.18
764,115.2,-298.03,175.24,-7.59,0.91,-0.87,-0.24
765,137.16,-296.39,154.81,-4.42,0.94,-0.83,-0.32
766,160.76,-295.84,130.08,-5.0,0.96,-0.79,-0.39
767,181.62,-292.55,106.96,-3.97,0.98,-0.75,-0.46
768,196.99,-287.61,83.84,-6.78,0.98,-0.7,-0.52
769,210.72,-275.55,62.33,-2.5,0.97,-0.64,-0.57
770,226.64,-262.94,34.38,-1.93,0.97,-0.56,-0.64
771,239.81,-247.59,5.88,-1.89,0.96,-0.49,-0.7
772,250.24,-232.79,-17.24,0.22,0.94,-0.42,-0.74
773,257.93,-215.79,-40.36,1.78,0.93,-0.35,-0.8
774,265.07,-194.95,-67.24,2.87,0.9,-0.28,-0.85
775,269.46,-177.96,-89.28,2.22,0.87,-0.21,-0.88
776,270.56,-159.86,-108.1,2.59,0.84,-0.14,-0.91
777,272.75,-139.03,-130.68,3.04,0.8,-0.07,-0.93
778,271.65,-114.91,-153.26,3.49,0.75,0.0,-0.95
779,269.46,-93.52,-172.62,3.32,0.7,0.08,-0.96
780,266.71,-70.49,-191.44,4.78,0.65,0.16,-0.98
781,260.68,-46.92,-210.79,2.97,0.6,0.23,-0.99
782,255.73,-28.28,-224.77,2.69,0.54,0.3,-0.98
783,245.3,-11.28,-233.91,0.11,0.47,0.37,-0.97
784,237.07,10.1,-246.81,0.36,0.39,0.45,-0.95
785,222.8,34.23,-257.57,-0.54,0.31,0.52,-0.93
786,206.33,55.06,-263.48,-2.09,0.24,0.59,-0.9
787,191.5,75.35,-267.24,-0.39,0.16,0.65,-0.88
788,175.58,95.64,-273.16,-1.94,0.1,0.71,-0.85
789,160.76,110.99,-274.77,-3.02,0.03,0.75,-0.81
790,144.84,124.15,-274.23,-5.25,-0.04,0.79,-0.76
791,125.08,143.34,-269.39,-0.98,-0.12,0.84,-0.72
792,105.86,161.98,-273.7,-5.85,-0.19,0.87,-0.66
793,85.55,178.43,-266.17,-2.19,-0.27,0.91,-0.61
794,67.44,195.97,-267.24,-3.84,-0.34,0.95,-0.54
795,49.87,208.58,-262.41,-3.95,-0.4,0.97,-0.49
796,34.5,220.1,-259.18,-4.59,-0.47,0.97,-0.42
797,14.19,232.16,-250.58,-4.23,-0.53,0.98,-0.34
798,-7.77,242.03,-239.29,-5.03,-0.6,0.99,-0.26
799,-28.63,250.8,-226.38,-4.22,-0.66,0.99,-0.18
800,-47.3,255.73,-212.4,-3.97,-0.72,0.98,-0.11
801,-67.06,258.48,-196.27,-4.86,-0.78,0.98,-0.03
802,-82.43,259.57,-177.99,-0.86,-0.81,0.96,0.03
803,-95.61,257.93,-164.55,-2.23,-0.85,0.93,0.1
804,-112.08,255.19,-146.81,-3.7,-0.88,0.91,0.18
805,-131.29,254.09,-125.84,-3.05,-0.91,0.87,0.25
806,-148.31,253.54,-107.56,-2.33,-0.94,0.83,0.33
807,-164.78,250.8,-89.28,-3.26,-0.96,0.8,0.39
808,-179.05,249.7,-72.62,-1.96,-0.98,0.75,0.47
809,-191.68,244.22,-54.87,-2.33,-0.98,0.7,0.53
810,-198.27,235.45,-39.28,-2.1,-0.98,0.64,0.58
811,-206.5,225.03,-20.46,-1.93,-0.97,0.57,0.64
812,-214.74,210.23,3.19,-1.32,-0.96,0.5,0.7
813,-222.42,197.62,23.09,-1.72,-0.94,0.42,0.75
814,-226.26,183.91,41.9,-0.45,-0.93,0.35,0.81
815,-229.56,167.46,61.8,-0.3,-0.9,0.28,0.85
816,-232.3,153.75,77.93,-0.62,-0.88,0.21,0.89
817,-233.4,140.59,92.98,0.17,-0.84,0.14,0.91
818,-233.4,123.05,108.57,-1.78,-0.79,0.07,0.93
819,-230.11,103.86,126.85,0.6,-0.75,-0.01,0.96
820,-230.66,84.12,144.59,-1.94,-0.7,-0.08,0.96
821,-224.62,66.58,159.11,1.07,-0.65,-0.16,0.98
822,-221.87,47.39,175.24,0.75,-0.59,-0.23,0.99
823,-216.93,30.94,188.14,2.15,-0.53,-0.3,0.98
824,-210.89,16.68,195.67,1.46,-0.46,-0.37,0.97
825,-203.21,-3.06,207.5,1.24,-0.39,-0.45,0.96
826,-191.13,-27.18,222.02,3.71,-0.3,-0.52,0.92
827,-180.7,-47.47,229.54,1.38,-0.23,-0.59,0.91
828,-170.27,-65.56,238.68,2.85,-0.15,-0.65,0.87
829,-158.19,-83.1,243.52,2.23,-0.09,-0.71,0.85
830,-149.41,-100.65,254.27,4.22,-0.02,-0.75,0.81
831,-138.98,-115.45,258.04,3.61,0.05,-0.79,0.76
832,-124.15,-131.35,256.96,1.45,0.12,-0.84,0.72
833,-107.69,-153.29,267.18,6.21,0.2,-0.88,0.65
834,-92.86,-171.93,266.64,1.85,0.27,-0.91,0.61
835,-77.49,-188.38,270.94,5.07,0.35,-0.95,0.54
836,-59.93,-204.28,267.72,3.52,0.41,-0.97,0.48
837,-46.75,-218.53,266.1,0.82,0.47,-0.98,0.42
838,-26.99,-233.33,267.18,6.86,0.54,-0.98,0.34
839,-5.03,-247.59,253.74,1.12,0.6,-0.98,0.26
840,16.93,-259.1,246.21,4.04,0.67,-0.98,0.18
841,36.15,-269.52,231.16,-2.22,0.72,-0.98,0.11
842,54.26,-276.65,223.09,0.7,0.78,-0.97,0.02
843,73.48,-280.49,203.2,-3.81,0.81,-0.95,-0.04
844,89.94,-288.16,191.37,-6.85,0.84,-0.93,-0.11
845,107.51,-288.71,174.7,-6.5,0.88,-0.9,-0.18
846,127.82,-289.26,155.89,-5.55,0.91,-0.86,-0.25
847,149.23,-289.81,135.99,-4.58,0.94,-0.83,-0.32
848,170.64,-292.55,116.1,-5.81,0.96,-0.79,-0.39
849,187.66,-285.97,94.06,-4.25,0.98,-0.75,-0.46
850,204.13,-279.39,69.86,-5.4,0.99,-0.69,-0.53
851,216.76,-269.52,48.36,-4.41,0.98,-0.63,-0.58
852,231.03,-259.65,26.31,-2.31,0.97,-0.57,-0.64
853,243.11,-242.66,-2.72,-2.27,0.96,-0.49,-0.7
854,254.09,-224.01,-30.14,-0.07,0.94,-0.42,-0.75
855,261.22,-208.11,-51.65,1.46,0.93,-0.35,-0.8
856,266.71,-190.02,-73.69,3.0,0.91,-0.28,-0.85
857,271.65,-170.83,-97.88,2.94,0.87,-0.2,-0.89
858,271.65,-152.74,-117.78,1.14,0.84,-0.14,-0.91
859,274.4,-135.74,-134.44,4.21,0.8,-0.07,-0.93
860,273.3,-113.81,-155.95,3.54,0.75,0.01,-0.95
861,269.46,-88.04,-178.53,2.89,0.7,0.08,-0.97
862,267.26,-68.3,-195.2,3.76,0.65,0.16,-0.97
863,259.58,-48.01,-210.79,0.77,0.6,0.23,-0.99
864,255.19,-26.63,-226.92,1.63,0.54,0.3,-0.98
865,244.21,-8.54,-237.14,-1.47,0.47,0.37,-0.97
866,234.32,12.84,-247.35,-0.18,0.39,0.45,-0.95
867,220.6,36.97,-258.64,-1.07,0.31,0.52,-0.93
868,204.68,60.55,-266.17,-0.94,0.24,0.59,-0.9
869,189.31,78.64,-271.01,-3.06,0.16,0.65,-0.87
870,173.94,96.18,-273.7,-3.57,0.1,0.71,-0.85
871,161.31,113.18,-277.46,-2.97,0.03,0.75,-0.81
872,147.04,125.79,-278.53,-5.71,-0.04,0.79,-0.76
873,127.82,141.14,-271.01,-2.04,-0.12,0.84,-0.71
874,106.96,161.43,-273.16,-4.77,-0.2,0.88,-0.65
875,88.3,178.43,-267.24,-0.52,-0.26,0.91,-0.61
876,71.28,193.23,-271.01,-6.5,-0.34,0.94,-0.54
877,53.16,204.74,-259.72,-1.81,-0.41,0.97,-0.48
878,35.05,217.9,-257.03,-4.08,-0.47,0.98,-0.42
879,16.93,229.96,-251.11,-4.22,-0.53,0.98,-0.34
880,-3.93,240.38,-241.97,-5.52,-0.6,0.99,-0.26
881,-27.54,249.7,-226.92,-4.75,-0.67,0.99,-0.18
882,-47.85,255.73,-212.4,-4.52,-0.72,0.99,-0.11
883,-62.67,259.02,-199.5,-3.15,-0.77,0.98,-0.03
884,-78.59,256.83,-182.3,-4.06,-0.81,0.96,0.04
885,-92.86,254.64,-165.63,-3.85,-0.84,0.94,0.1
886,-106.59,253.54,-151.11,-4.16,-0.88,0.91,0.18
887,-124.7,251.35,-132.29,-5.65,-0.91,0.87,0.25
888,-143.37,250.25,-110.25,-3.37,-0.94,0.83,0.33
889,-159.84,248.06,-91.43,-3.21,-0.96,0.8,0.39
890,-172.46,248.61,-78.53,-2.39,-0.98,0.75,0.46
891,-185.09,241.48,-59.71,-3.32,-0.99,0.7,0.53
892,-193.87,233.25,-40.89,-1.51,-0.98,0.63,0.58
893,-202.11,223.39,-23.69,-2.41,-0.97,0.57,0.64
894,-209.25,210.23,-2.72,-1.74,-0.96,0.49,0.71
895,-216.93,194.33,19.86,-2.75,-0.94,0.42,0.75
896,-220.23,182.26,37.6,-0.36,-0.93,0.35,0.81
897,-222.42,166.91,54.81,-0.7,-0.9,0.28,0.85
898,-225.71,153.2,70.4,-2.11,-0.88,0.21,0.89
899,-227.91,138.95,88.14,-0.82,-0.84,0.14,0.91
900,-227.36,123.6,102.12,-1.64,-0.79,0.07,0.93
901,-224.07,106.6,118.25,0.78,-0.75,-0.01,0.96
902,-222.97,85.22,138.14,0.39,-0.7,-0.08,0.97
903,-221.32,68.77,152.66,0.11,-0.65,-0.16,0.98
904,-218.58,52.32,165.03,-1.23,-0.6,-0.23,0.98
905,-213.64,34.78,177.93,-0.93,-0.54,-0.31,0.99
906,-206.5,17.78,188.68,-0.04,-0.47,-0.37,0.97
907,-198.82,1.33,197.82,0.34,-0.39,-0.45,0.95
908,-187.29,-20.05,208.57,1.24,-0.31,-0.52,0.93
909,-174.11,-43.08,218.25,1.06,-0.24,-0.6,0.91
910,-164.23,-62.27,227.93,1.43,-0.16,-0.65,0.87
911,-152.15,-76.53,229.54,0.86,-0.1,-0.71,0.85
912,-141.72,-95.17,239.76,2.87,-0.03,-0.76,0.81
913,-131.29,-112.71,245.13,1.13,0.04,-0.79,0.76
914,-118.12,-127.52,246.21,0.58,0.11,-0.84,0.71
915,-102.2,-147.8,252.66,2.66,0.2,-0.88,0.65
916,-85.73,-167.54,251.59,-1.68,0.26,-0.92,0.61
917,-73.1,-184.54,259.65,2.01,0.34,-0.94,0.54
918,-57.73,-196.05,255.35,1.57,0.4,-0.97,0.48
919,-41.26,-210.85,252.12,0.01,0.47,-0.98,0.42
920,-24.24,-226.21,253.2,2.75,0.52,-0.98,0.34
921,-6.13,-238.27,244.06,-0.34,0.6,-0.98,0.26
922,16.93,-249.23,232.23,-0.07,0.67,-0.99,0.17
923,37.79,-258.01,217.18,-3.04,0.71,-0.98,0.11
924,54.26,-266.23,209.11,-2.86,0.77,-0.97,0.02
925,72.38,-267.88,189.76,-5.74,0.81,-0.95,-0.04
926,89.4,-271.71,175.24,-7.08,0.85,-0.93,-0.11
927,108.06,-274.46,156.96,-9.43,0.87,-0.9,-0.18
928,125.63,-275.55,139.76,-10.17,0.9,-0.86,-0.25
929,149.78,-273.91,118.25,-5.87,0.94,-0.83,-0.33
930,171.74,-275.55,95.67,-8.14,0.96,-0.79,-0.4
931,188.21,-274.46,79.0,-7.24,0.98,-0.75,-0.46
932,203.58,-268.42,58.03,-6.81,0.99,-0.69,-0.53
933,217.31,-256.91,35.99,-3.61,0.98,-0.63,-0.58
934,229.93,-248.69,14.48,-4.27,0.97,-0.56,-0.63
935,240.91,-236.08,-7.56,-2.72,0.96,-0.49,-0.7
936,250.79,-217.98,-33.37,-0.56,0.95,-0.42,-0.76
937,257.93,-200.44,-57.02,0.47,0.93,-0.34,-0.8
938,262.32,-184.54,-76.92,0.87,0.91,-0.28,-0.85
939,267.26,-167.54,-96.81,2.91,0.88,-0.2,-0.88
940,269.46,-148.35,-117.78,3.33,0.85,-0.14,-0.92
941,271.65,-131.9,-135.52,4.23,0.8,-0.07,-0.92
942,267.81,-111.07,-152.72,4.02,0.75,0.02,-0.95
943,262.87,-85.3,-175.84,1.73,0.71,0.09,-0.97
944,264.52,-66.11,-194.66,3.75,0.65,0.16,-0.98
945,257.38,-47.47,-207.57,2.35,0.6,0.23,-0.99
946,251.89,-27.18,-221.01,3.71,0.54,0.31,-0.99
947,243.11,-7.44,-233.91,1.76,0.48,0.37,-0.97
948,234.87,10.1,-243.59,1.39,0.4,0.45,-0.95
949,218.95,33.68,-252.19,0.44,0.32,0.52,-0.93
950,203.03,58.35,-260.79,0.59,0.25,0.59,-0.91
951,188.76,78.09,-267.24,-0.39,0.17,0.65,-0.88
952,175.58,92.35,-269.93,-2.0,0.11,0.7,-0.84
953,161.86,108.79,-271.01,-0.35,0.04,0.76,-0.81
954,146.49,124.69,-273.7,-2.51,-0.03,0.79,-0.77
955,130.57,138.95,-271.01,-1.49,-0.11,0.84,-0.71
956,111.35,155.95,-271.55,-4.24,-0.19,0.88,-0.65
957,91.04,175.14,-265.63,0.55,-0.26,0.92,-0.61
958,74.57,190.49,-269.93,-4.87,-0.33,0.94,-0.54
959,59.2,200.36,-260.25,-0.7,-0.39,0.97,-0.49
960,40.54,212.42,-257.57,-4.61,-0.47,0.98,-0.41
961,21.32,225.58,-247.89,-0.99,-0.52,0.98,-0.34
962,2.11,237.09,-241.44,-2.24,-0.59,0.99,-0.26
963,-19.85,244.77,-226.38,-1.46,-0.66,0.99,-0.18
964,-42.91,250.8,-210.79,-2.9,-0.72,0.99,-0.1
965,-59.38,254.64,-196.81,-1.55,-0.76,0.98,-0.03
966,-73.65,254.09,-182.83,-2.39,-0.81,0.96,0.04
967,-89.02,251.9,-165.63,-2.75,-0.85,0.94,0.11
968,-103.29,251.9,-148.96,-0.36,-0.87,0.9,0.18
969,-119.21,249.7,-133.37,-2.88,-0.9,0.87,0.25
970,-136.78,249.7,-114.01,-1.09,-0.95,0.84,0.34
971,-154.9,246.96,-93.05,-0.98,-0.96,0.8,0.39
972,-167.52,246.41,-79.6,-0.72,-0.98,0.74,0.46
973,-177.95,239.29,-62.94,-1.61,-0.99,0.69,0.53
974,-188.38,231.06,-43.04,-0.37,-0.98,0.63,0.59
975,-196.62,220.64,-24.76,-0.74,-0.97,0.56,0.64
976,-204.31,208.03,-5.95,-2.22,-0.96,0.49,0.7
977,-209.79,194.33,16.1,0.63,-0.95,0.42,0.77
978,-217.48,178.97,37.06,-1.44,-0.93,0.35,0.81
979,-220.23,168.56,49.97,-1.7,-0.9,0.28,0.85
980,-220.77,153.75,67.17,0.15,-0.88,0.21,0.88
981,-221.32,137.3,84.92,0.9,-0.85,0.14,0.92
982,-225.17,123.6,99.97,-1.6,-0.8,0.07,0.93
983,-220.23,107.7,112.34,-0.19,-0.76,-0.01,0.95
984,-219.68,85.22,131.69,-2.77,-0.71,-0.08,0.97
985,-216.38,66.58,149.97,0.16,-0.65,-0.16,0.98
986,-214.19,52.87,160.72,-0.59,-0.6,-0.23,0.98
987,-209.25,38.07,170.94,-0.24,-0.53,-0.3,0.98
988,-201.56,17.78,184.38,0.6,-0.47,-0.37,0.97
989,-196.62,0.23,194.6,-1.79,-0.39,-0.45,0.96
990,-186.19,-17.31,205.35,1.85,-0.31,-0.52,0.92
991,-173.01,-39.24,213.41,1.16,-0.24,-0.6,0.91
992,-163.13,-59.53,224.17,1.51,-0.16,-0.65,0.87
993,-152.7,-72.69,225.78,0.39,-0.1,-0.71,0.84
994,-142.82,-86.94,231.16,1.39,-0.03,-0.76,0.81
995,-129.1,-105.04,236.53,2.4,0.05,-0.8,0.76
996,-115.92,-122.58,239.22,0.72,0.11,-0.84,0.72
997,-99.45,-139.58,243.52,4.49,0.2,-0.88,0.65
998,-80.79,-159.86,240.83,0.18,0.26,-0.92,0.61
999,-66.51,-179.05,248.36,2.79,0.34,-0.94,0.54
1000,-51.69,-191.12,244.6,1.79,0.4,-0.96,0.48
1001,-34.12,-205.92,241.91,1.87,0.47,-0.98,0.41
1002,-14.91,-221.82,239.22,2.49,0.53,-0.98,0.34
1003,2.66,-236.08,232.23,-1.19,0.59,-0.98,0.26
1004,22.97,-245.4,223.63,1.2,0.67,-0.98,0.17
1005,45.48,-255.27,208.57,-1.21,0.72,-0.98,0.1
1006,60.3,-262.39,199.43,-2.66,0.77,-0.97,0.02
1007,76.22,-262.94,182.77,-3.95,0.81,-0.95,-0.04
1008,91.04,-264.59,169.86,-3.68,0.85,-0.93,-0.12
1009,110.81,-267.88,150.51,-6.56,0.88,-0.9,-0.18
1010,128.92,-271.17,132.23,-10.02,0.9,-0.86,-0.25
1011,148.14,-267.88,111.26,-8.48,0.94,-0.83,-0.33
1012,171.74,-268.97,88.14,-9.09,0.96,-0.79,-0.4
1013,190.96,-265.68,68.79,-5.94,0.98,-0.75,-0.46
1014,203.03,-260.75,49.97,-7.75,0.98,-0.69,-0.53
1015,217.31,-248.69,27.39,-3.99,0.98,-0.63,-0.59
1016,231.03,-239.91,3.73,-5.15,0.97,-0.56,-0.64
1017,242.56,-226.75,-17.78,-1.97,0.96,-0.49,-0.7
1018,250.79,-210.85,-40.89,-0.96,0.95,-0.42,-0.76
1019,259.03,-193.31,-65.09,0.63,0.93,-0.34,-0.82
1020,265.07,-177.41,-86.59,1.06,0.91,-0.28,-0.85
1021,267.81,-163.15,-103.26,1.4,0.88,-0.2,-0.89
1022,270.01,-142.87,-124.23,2.91,0.84,-0.13,-0.92
1023,272.2,-125.87,-143.58,2.75,0.8,-0.07,-0.93
1024,271.11,-107.78,-159.71,3.61,0.75,0.01,-0.95
1025,265.62,-84.75,-177.99,2.87,0.71,0.09,-0.97
1026,263.97,-61.17,-198.96,3.83,0.65,0.17,-0.98
1027,258.48,-43.63,-212.94,1.91,0.6,0.23,-0.99
1028,253.54,-27.18,-223.69,2.66,0.54,0.3,-0.98
1029,242.56,-5.8,-234.45,2.31,0.47,0.38,-0.97
1030,232.13,16.68,-246.81,2.0,0.4,0.45,-0.95
1031,218.95,36.42,-255.42,-0.04,0.32,0.52,-0.93
1032,202.48,59.45,-261.33,0.6,0.24,0.6,-0.91
1033,186.56,81.93,-268.32,0.17,0.17,0.66,-0.88
1034,172.29,98.92,-272.08,-0.87,0.11,0.71,-0.85
1035,159.66,111.54,-272.62,-1.42,0.03,0.75,-0.81
1036,143.74,128.53,-274.77,-2.5,-0.04,0.8,-0.76
1037,126.73,146.08,-272.62,0.18,-0.11,0.84,-0.71
1038,109.71,161.43,-273.7,-2.56,-0.19,0.87,-0.65
1039,91.04,178.97,-268.86,1.16,-0.26,0.92,-0.6
1040,73.48,195.42,-272.08,-3.18,-0.33,0.95,-0.54
1041,58.1,205.29,-264.56,-1.16,-0.39,0.96,-0.48
1042,41.09,216.26,-261.33,-3.99,-0.46,0.98,-0.41
1043,20.22,228.87,-251.65,-2.56,-0.53,0.99,-0.34
1044,0.46,239.83,-243.59,-3.29,-0.59,0.99,-0.26
1045,-20.95,246.96,-229.61,-3.6,-0.66,0.99,-0.18
1046,-44.55,254.64,-212.94,-2.86,-0.72,0.99,-0.1
1047,-63.77,258.48,-196.81,-2.1,-0.77,0.98,-0.03
1048,-77.49,258.48,-181.76,-0.78,-0.81,0.96,0.04
1049,-90.12,254.64,-166.17,-1.65,-0.85,0.94,0.11
1050,-108.23,255.73,-148.42,-0.92,-0.88,0.91,0.19
1051,-125.25,255.73,-131.22,-0.74,-0.9,0.87,0.25
1052,-140.08,253.54,-114.01,-0.55,-0.94,0.83,0.34
1053,-158.74,251.35,-94.66,-2.05,-0.96,0.8,0.4
1054,-171.92,252.99,-79.6,1.47,-0.98,0.74,0.47
1055,-182.9,244.22,-62.4,-1.08,-0.98,0.69,0.53
1056,-190.03,234.9,-45.2,-0.33,-0.98,0.63,0.59
1057,-200.46,223.93,-23.69,-0.22,-0.97,0.56,0.65
1058,-209.25,214.61,-4.87,0.5,-0.96,0.49,0.7
1059,-215.83,199.81,15.56,-0.47,-0.95,0.42,0.76
1060,-222.42,183.36,38.14,-0.92,-0.93,0.34,0.81
1061,-225.17,169.65,54.81,-0.71,-0.91,0.28,0.85
1062,-229.01,158.69,69.32,-1.0,-0.88,0.21,0.88
1063,-228.46,141.69,85.99,-0.78,-0.84,0.14,0.92
1064,-230.66,124.69,104.27,-1.69,-0.8,0.06,0.93
1065,-227.36,109.89,117.17,-0.3,-0.75,-0.01,0.95
1066,-227.36,91.25,132.77,-3.35,-0.7,-0.08,0.97
1067,-220.77,69.87,151.05,0.14,-0.65,-0.17,0.99
1068,-218.03,50.68,167.18,-0.18,-0.6,-0.23,0.99
1069,-214.19,39.16,175.24,0.22,-0.53,-0.3,0.98
1070,-206.5,19.42,185.99,-1.08,-0.47,-0.38,0.97
1071,-198.27,-1.96,201.05,0.82,-0.39,-0.45,0.95
1072,-188.93,-21.7,211.26,0.63,-0.31,-0.52,0.92
1073,-176.31,-41.44,217.18,-0.57,-0.24,-0.6,0.91
1074,-164.23,-63.37,230.62,3.02,-0.15,-0.66,0.87
1075,-152.15,-79.82,232.23,0.26,-0.1,-0.71,0.85
1076,-144.47,-92.97,238.68,1.24,-0.03,-0.75,0.8
1077,-130.19,-107.23,240.83,3.41,0.05,-0.8,0.75
1078,-114.27,-126.42,242.45,1.75,0.11,-0.84,0.72
1079,-99.45,-144.51,248.36,4.4,0.2,-0.88,0.65
1080,-80.79,-161.51,240.83,-1.46,0.27,-0.92,0.61
1081,-63.22,-181.8,249.44,4.42,0.34,-0.95,0.54
1082,-47.85,-194.95,241.91,-0.89,0.4,-0.97,0.48
1083,-31.93,-208.11,241.37,1.33,0.47,-0.97,0.41
1084,-11.07,-222.92,235.46,1.47,0.53,-0.98,0.33
1085,9.25,-237.72,226.32,-2.16,0.6,-0.98,0.26
1086,29.56,-247.59,218.25,0.22,0.66,-0.98,0.17
1087,50.97,-256.36,202.66,-2.73,0.72,-0.98,0.1
1088,69.08,-263.49,191.91,-2.5,0.78,-0.97,0.02
1089,86.65,-265.13,174.7,-3.78,0.81,-0.95,-0.04
1090,99.28,-268.97,165.56,-4.13,0.85,-0.93,-0.12
1091,119.59,-269.52,144.06,-5.87,0.89,-0.9,-0.19
1092,139.35,-271.71,123.09,-9.27,0.9,-0.86,-0.25
1093,157.47,-269.52,103.2,-8.86,0.94,-0.83,-0.33
1094,178.33,-268.97,82.23,-8.42,0.96,-0.79,-0.4
1095,196.99,-265.13,61.26,-6.88,0.98,-0.75,-0.47
1096,210.17,-258.56,40.83,-7.56,0.98,-0.69,-0.52
1097,221.7,-248.69,20.94,-6.05,0.98,-0.63,-0.59
1098,235.42,-236.08,-3.26,-3.91,0.97,-0.56,-0.65
1099,246.4,-222.37,-25.84,-1.81,0.96,-0.49,-0.7
1100,254.64,-208.66,-47.88,-1.91,0.95,-0.42,-0.75
1101,261.22,-190.02,-71.0,0.2,0.93,-0.34,-0.81
1102,268.36,-171.93,-95.2,1.24,0.91,-0.27,-0.86
1103,271.11,-156.57,-113.48,1.05,0.87,-0.2,-0.88
1104,271.65,-140.67,-130.68,0.3,0.84,-0.13,-0.91
1105,273.85,-120.39,-151.11,2.35,0.8,-0.06,-0.94
1106,271.65,-100.1,-169.39,2.16,0.75,0.01,-0.95
1107,267.81,-80.36,-186.06,1.39,0.71,0.09,-0.97
1108,266.71,-58.43,-204.88,3.4,0.65,0.17,-0.98
1109,260.13,-35.95,-222.08,2.09,0.6,0.24,-0.99
1110,255.73,-20.6,-232.83,2.3,0.54,0.3,-0.98
1111,244.75,-2.51,-241.44,0.81,0.47,0.38,-0.97
1112,234.32,19.97,-252.73,1.57,0.39,0.45,-0.95
1113,220.6,41.9,-261.87,0.64,0.32,0.52,-0.93
1114,204.68,63.29,-267.24,0.72,0.24,0.59,-0.91
1115,188.76,85.22,-273.7,0.28,0.17,0.66,-0.88
1116,173.39,104.41,-278.0,-0.2,0.11,0.71,-0.85
1117,158.57,118.11,-277.46,-0.78,0.04,0.75,-0.81
1118,143.19,132.92,-276.38,-0.27,-0.04,0.79,-0.76
1119,123.43,151.56,-275.31,-0.32,-0.11,0.84,-0.71
1120,105.86,168.56,-278.53,-4.11,-0.19,0.87,-0.65
1121,88.3,184.46,-272.08,0.67,-0.26,0.92,-0.6
1122,70.73,201.45,-275.31,-3.12,-0.34,0.95,-0.54
1123,54.81,213.52,-268.32,0.01,-0.4,0.97,-0.48
1124,40.54,222.84,-266.71,-3.33,-0.46,0.97,-0.41
1125,21.32,234.9,-257.57,-1.34,-0.53,0.99,-0.33
1126,-0.64,245.32,-246.81,-2.13,-0.6,0.99,-0.26
1127,-21.5,252.44,-233.37,-2.43,-0.66,0.99,-0.18
1128,-43.46,258.48,-217.78,-2.76,-0.72,0.99,-0.1
1129,-64.87,261.76,-198.96,-2.06,-0.77,0.98,-0.02
1130,-82.43,261.76,-180.68,-1.35,-0.81,0.96,0.04
1131,-95.06,261.22,-167.78,-1.62,-0.84,0.93,0.11
1132,-112.08,261.22,-150.04,-0.9,-0.88,0.9,0.19
1133,-131.29,259.57,-129.61,-1.33,-0.91,0.87,0.25
1134,-147.76,258.48,-111.33,-0.61,-0.94,0.83,0.33
1135,-164.23,256.83,-94.66,-2.06,-0.96,0.79,0.4
1136,-178.5,255.73,-77.45,-0.22,-0.98,0.74,0.47
1137,-188.93,249.7,-60.25,0.52,-0.98,0.69,0.53
1138,-196.62,241.48,-44.66,0.2,-0.98,0.63,0.58
1139,-205.4,229.42,-24.23,-0.21,-0.98,0.56,0.65
1140,-215.28,215.71,-0.57,-0.15,-0.96,0.49,0.71
1141,-221.87,204.2,17.17,-0.51,-0.94,0.42,0.75
1142,-227.36,189.94,36.53,-0.89,-0.93,0.34,0.81
1143,-231.75,171.85,58.57,-1.34,-0.9,0.27,0.85
1144,-234.5,158.14,75.24,-1.12,-0.87,0.2,0.88
1145,-234.5,145.53,89.22,0.25,-0.84,0.14,0.91
1146,-236.69,126.34,107.5,-2.86,-0.8,0.06,0.93
1147,-231.2,106.6,124.7,0.1,-0.75,-0.01,0.96
1148,-232.3,87.96,140.29,-4.05,-0.7,-0.08,0.96
1149,-226.81,72.61,154.81,0.6,-0.65,-0.16,0.98
1150,-222.97,51.77,170.94,-0.26,-0.6,-0.23,0.99
1151,-217.48,34.23,182.77,-0.49,-0.53,-0.3,0.98
1152,-209.25,18.33,189.76,-1.16,-0.47,-0.38,0.97
1153,-199.91,-3.06,202.66,-0.31,-0.39,-0.46,0.95
1154,-187.29,-25.54,213.95,1.13,-0.31,-0.52,0.92
1155,-174.66,-45.82,220.94,0.46,-0.24,-0.6,0.91
1156,-163.68,-65.01,230.08,1.39,-0.15,-0.66,0.86
1157,-148.86,-83.65,232.77,0.26,-0.1,-0.72,0.85
1158,-139.53,-100.1,240.83,1.21,-0.03,-0.75,0.8
1159,-124.7,-113.26,241.91,3.94,0.05,-0.8,0.75
1160,-107.69,-133.0,240.3,-0.39,0.12,-0.85,0.71
1161,-91.22,-152.74,247.82,3.87,0.2,-0.88,0.65
1162,-74.75,-168.64,241.91,-1.48,0.26,-0.92,0.61
1163,-58.28,-186.18,248.36,3.9,0.35,-0.95,0.53
1164,-40.71,-199.89,239.76,-0.84,0.4,-0.97,0.48
1165,-26.99,-213.6,240.83,0.25,0.47,-0.97,0.41
1166,-7.77,-226.75,235.46,0.93,0.53,-0.98,0.34
1167,14.74,-239.91,224.7,-0.47,0.6,-0.99,0.25
1168,35.05,-249.78,213.95,-0.78,0.66,-0.98,0.17
1169,53.16,-257.46,201.05,-3.25,0.72,-0.98,0.1
1170,71.28,-263.49,190.29,-1.92,0.78,-0.97,0.01
1171,89.4,-264.04,171.48,-3.17,0.81,-0.95,-0.04
1172,103.67,-266.78,158.04,-5.07,0.84,-0.93,-0.11
1173,121.24,-266.23,139.22,-5.78,0.88,-0.9,-0.19
1174,143.19,-266.78,115.02,-8.56,0.91,-0.86,-0.26
1175,163.51,-265.68,94.59,-7.58,0.94,-0.83,-0.33
1176,183.82,-266.78,74.7,-8.26,0.96,-0.79,-0.41
1177,202.48,-260.75,53.19,-5.07,0.99,-0.75,-0.47
1178,216.21,-255.81,32.76,-6.84,0.98,-0.69,-0.53
1179,226.09,-245.94,15.02,-4.83,0.98,-0.63,-0.58
1180,239.27,-236.08,-6.48,-3.3,0.97,-0.56,-0.65
1181,249.15,-220.18,-30.68,-1.71,0.96,-0.49,-0.71
1182,257.38,-204.82,-53.8,-1.24,0.94,-0.42,-0.75
1183,262.87,-190.57,-72.08,0.23,0.93,-0.34,-0.81
1184,268.91,-171.93,-95.2,1.79,0.91,-0.27,-0.86
1185,271.65,-153.29,-117.24,1.13,0.87,-0.2,-0.89
1186,271.65,-138.48,-132.83,0.34,0.84,-0.13,-0.91
1187,272.75,-120.39,-150.57,1.79,0.8,-0.06,-0.93
1188,270.56,-97.36,-171.54,1.65,0.75,0.02,-0.95
1189,267.26,-74.88,-191.44,0.95,0.7,0.09,-0.97
1190,263.97,-55.14,-207.03,1.8,0.65,0.17,-0.98
1191,257.38,-32.66,-224.23,0.49,0.6,0.24,-0.99
1192,254.09,-14.57,-238.21,1.31,0.54,0.31,-0.98
1193,244.75,1.33,-245.2,0.89,0.47,0.37,-0.97
1194,234.87,21.62,-255.95,0.54,0.39,0.46,-0.96
1195,221.15,46.29,-266.17,1.27,0.31,0.53,-0.93
1196,205.23,67.12,-272.08,0.27,0.24,0.59,-0.91
1197,189.31,86.31,-275.85,-0.22,0.17,0.66,-0.87
1198,172.84,106.05,-279.61,-0.72,0.1,0.71,-0.85
1199,158.02,122.5,-281.76,-1.24,0.04,0.75,-0.81
1200,143.74,135.11,-281.76,-2.91,-0.03,0.8,-0.76
1201,123.98,152.66,-275.31,1.33,-0.11,0.84,-0.71
1202,103.12,173.49,-279.61,-3.0,-0.19,0.87,-0.65
1203,83.91,189.94,-273.16,0.69,-0.26,0.91,-0.6
1204,67.99,204.2,-276.92,-4.74,-0.34,0.95,-0.54
1205,49.87,217.9,-267.24,0.53,-0.4,0.97,-0.48
1206,35.05,228.32,-266.71,-3.34,-0.46,0.97,-0.41
1207,16.93,238.19,-258.64,-3.52,-0.53,0.98,-0.34
1208,-2.28,250.25,-250.58,-2.61,-0.6,0.99,-0.25
1209,-25.89,257.93,-233.91,-1.87,-0.66,0.99,-0.18
1210,-46.75,264.51,-219.93,-2.17,-0.72,0.98,-0.11
1211,-66.51,266.7,-201.65,-1.46,-0.78,0.98,-0.02
1212,-84.63,266.7,-183.37,-1.3,-0.81,0.96,0.04
1213,-97.26,263.41,-167.78,-1.62,-0.84,0.93,0.11
1214,-112.63,263.41,-151.65,-0.87,-0.88,0.9,0.18
1215,-133.49,260.67,-130.14,-2.96,-0.91,0.87,0.26
1216,-150.51,258.48,-108.64,-0.67,-0.94,0.83,0.33
1217,-166.97,257.38,-92.51,-2.1,-0.96,0.79,0.39
1218,-180.7,257.38,-76.38,0.3,-0.98,0.74,0.47
1219,-192.78,249.15,-55.41,0.97,-0.98,0.69,0.53
1220,-200.46,240.93,-39.28,1.19,-0.98,0.63,0.58
1221,-207.6,229.96,-23.15,-0.79,-0.97,0.56,0.64
1222,-216.93,216.26,0.5,-0.17,-0.96,0.49,0.71
1223,-224.62,202.0,21.47,-1.14,-0.95,0.42,0.76
1224,-229.01,188.84,39.75,-0.41,-0.93,0.34,0.81
1225,-229.56,172.39,56.96,-0.21,-0.9,0.28,0.85
1226,-233.4,157.59,74.16,-1.65,-0.88,0.2,0.89
1227,-231.75,141.69,90.83,0.77,-0.84,0.14,0.91
1228,-233.95,126.89,103.2,-3.87,-0.79,0.06,0.93
1229,-229.01,106.05,123.09,0.13,-0.76,-0.01,0.96
1230,-230.11,86.31,141.91,-1.89,-0.7,-0.09,0.97
1231,-224.07,69.32,155.89,1.13,-0.65,-0.16,0.98
1232,-221.32,51.22,169.33,-0.77,-0.6,-0.23,0.99
1233,-213.64,32.58,181.69,0.64,-0.53,-0.31,0.98
1234,-206.5,17.78,189.22,0.5,-0.47,-0.37,0.97
1235,-197.72,-2.51,199.43,-0.79,-0.38,-0.46,0.95
1236,-182.9,-26.08,211.26,2.28,-0.31,-0.53,0.92
1237,-169.17,-45.82,218.25,3.26,-0.24,-0.6,0.91
1238,-159.29,-64.46,225.78,2.03,-0.16,-0.66,0.86
1239,-143.37,-82.01,226.32,0.94,-0.09,-0.72,0.85
1240,-131.84,-100.1,233.84,1.9,-0.03,-0.76,0.8
1241,-119.21,-113.26,235.46,2.98,0.04,-0.8,0.75
1242,-103.29,-131.9,235.46,0.26,0.12,-0.84,0.71
1243,-84.63,-152.74,242.45,5.08,0.2,-0.88,0.64
1244,-69.81,-171.38,239.22,-1.96,0.26,-0.92,0.6
1245,-56.63,-186.73,247.29,3.92,0.35,-0.95,0.53
1246,-39.61,-200.44,240.83,0.78,0.41,-0.97,0.48
1247,-23.69,-214.69,240.3,1.91,0.47,-0.97,0.41
1248,-6.67,-226.75,234.92,1.49,0.53,-0.98,0.34
1249,13.09,-238.82,225.24,-0.49,0.61,-0.98,0.25
1250,35.6,-247.59,211.26,-0.73,0.67,-0.99,0.17
1251,54.81,-255.27,197.82,-2.63,0.72,-0.98,0.1
1252,70.73,-259.65,187.07,-1.85,0.78,-0.97,0.01
1253,88.85,-260.2,167.71,-3.64,0.82,-0.96,-0.05
1254,103.67,-262.94,153.73,-5.54,0.85,-0.93,-0.12
1255,121.24,-261.3,137.07,-2.99,0.88,-0.89,-0.19
1256,141.0,-262.39,115.56,-5.83,0.91,-0.86,-0.26
1257,162.96,-262.39,91.37,-8.07,0.94,-0.83,-0.34
1258,182.72,-262.39,70.94,-8.74,0.96,-0.78,-0.4
1259,198.09,-258.56,53.19,-7.27,0.98,-0.74,-0.48
1260,214.56,-253.07,32.76,-5.75,0.99,-0.69,-0.54
1261,225.54,-244.3,13.95,-4.81,0.98,-0.63,-0.59
1262,235.97,-234.43,-5.95,-4.41,0.97,-0.56,-0.64
1263,245.3,-217.98,-29.6,-2.28,0.96,-0.48,-0.71
1264,255.19,-201.53,-54.87,-1.22,0.95,-0.41,-0.76
1265,260.68,-187.28,-74.23,-0.83,0.93,-0.34,-0.81
1266,264.52,-170.28,-93.58,0.65,0.91,-0.27,-0.86
1267,267.81,-151.64,-115.09,1.08,0.88,-0.2,-0.9
1268,269.46,-135.74,-132.83,0.89,0.84,-0.13,-0.91
1269,269.46,-120.39,-146.81,2.26,0.8,-0.06,-0.93
1270,266.71,-97.91,-166.7,2.1,0.75,0.02,-0.96
1271,262.32,-73.78,-187.67,0.87,0.7,0.09,-0.97
1272,261.22,-56.24,-202.19,2.8,0.65,0.17,-0.98
1273,254.09,-37.05,-215.63,1.41,0.6,0.24,-0.99
1274,246.95,-15.12,-230.68,1.15,0.54,0.31,-0.99
1275,238.17,2.98,-240.36,0.78,0.47,0.38,-0.97
1276,229.38,22.17,-248.96,2.59,0.39,0.45,-0.95
1277,211.82,46.84,-259.18,-0.52,0.31,0.53,-0.93
1278,196.45,70.41,-267.78,-0.92,0.24,0.6,-0.91
1279,183.27,88.51,-272.62,-0.84,0.17,0.66,-0.87
1280,168.45,105.5,-274.23,-0.28,0.1,0.71,-0.85
1281,154.72,122.5,-278.0,-0.77,0.03,0.76,-0.81
1282,139.35,135.66,-278.0,-2.99,-0.04,0.79,-0.76
1283,123.43,150.46,-273.16,0.74,-0.11,0.84,-0.71
1284,103.12,169.11,-275.31,-3.08,-0.2,0.88,-0.65
1285,83.36,187.2,-271.01,-0.45,-0.26,0.92,-0.6
1286,68.53,200.91,-273.7,-4.26,-0.34,0.95,-0.54
1287,50.97,211.87,-263.48,-0.64,-0.41,0.97,-0.48
1288,34.5,224.48,-260.79,-1.81,-0.47,0.98,-0.41
1289,16.93,236.0,-254.34,-1.41,-0.53,0.98,-0.34
1290,-1.18,245.32,-248.43,-4.29,-0.6,0.99,-0.25
1291,-24.79,253.54,-230.68,-1.93,-0.67,0.99,-0.17
1292,-48.95,260.12,-214.02,-2.84,-0.72,0.99,-0.1
1293,-67.06,262.31,-196.27,-1.02,-0.77,0.98,-0.02
1294,-84.08,261.76,-179.07,-1.38,-0.82,0.96,0.05
1295,-98.35,260.12,-164.02,-2.25,-0.85,0.94,0.11
1296,-110.98,259.57,-149.5,-0.91,-0.88,0.9,0.18
1297,-128.0,255.73,-129.61,-1.87,-0.91,0.87,0.26
1298,-147.76,255.73,-108.64,-0.66,-0.95,0.83,0.34
1299,-163.13,253.54,-91.97,-1.56,-0.96,0.79,0.39
1300,-173.01,253.54,-79.6,0.92,-0.98,0.74,0.47
1301,-185.64,243.12,-58.64,-1.15,-0.99,0.69,0.54
1302,-196.07,234.9,-38.74,0.09,-0.98,0.62,0.59
1303,-203.21,225.58,-22.08,0.29,-0.97,0.56,0.64
1304,-210.34,214.06,-3.26,0.46,-0.96,0.48,0.71
1305,-219.13,196.52,20.94,-1.67,-0.95,0.41,0.77
1306,-224.07,183.36,40.29,-0.42,-0.93,0.34,0.81
1307,-226.26,170.2,55.35,-0.72,-0.9,0.27,0.85
1308,-227.36,155.4,72.01,0.05,-0.88,0.2,0.9
1309,-230.11,138.95,91.37,0.21,-0.84,0.13,0.91
1310,-230.11,126.89,102.12,-1.1,-0.79,0.06,0.93
1311,-226.26,108.79,115.56,-1.91,-0.75,-0.02,0.96
